tên,ô,view,từ,câu,từ/câu,dài,wpm,chữ nguy hiểm,nguy hiểm /1000 từ,nguy hiểm lần đầu %,khúc có nguy hiểm /10,you,you /1000 từ,we/our,tôi,số liệu,số /1000 từ,tên riêng,từ hiện đại,rào đón,câu dẫn có nhãn,câu hỏi,liên từ đầu câu,câu cụt ≤4 từ,dấu !,nguồn
How Did Ancient Humans Survive the World's Deadliest Predators?,Axen,"1,076,721",1438,146,9.8,7:32,188,34,23.6,10,10,28,19.5,66,1,53,36.9,22,0,8,4,3,18,20,0,2_KHO_BANGHI/Axen/20260428_How_Did_Ancient_Humans_Survive_the_World_s_Deadliest_Predato.txt
Weird Feelings You Get That Your Brain Can't Explain...,Axen,"26,378",950,126,7.5,5:21,177,7,7.4,25,5,90,94.7,2,0,13,13.7,5,3,6,5,4,8,37,0,2_KHO_BANGHI/Axen/20260428_Weird_Feelings_You_Get_That_Your_Brain_Can_t_Explain_.txt
What Did Ancient Humans Do all Day Before Jobs Existed?,Axen,"3,118,225",1566,149,10.5,8:32,181,11,7.0,1,8,41,26.2,18,1,44,28.1,22,0,27,5,5,24,22,0,2_KHO_BANGHI/Axen/20260504_What_Did_Ancient_Humans_Do_all_Day_Before_Jobs_Existed_.txt
How Did Ancient Humans Have Privacy?,Axen,"258,173",956,113,8.5,5:14,182,6,6.3,26,4,39,40.8,14,0,17,17.8,8,0,10,4,4,12,24,0,2_KHO_BANGHI/Axen/20260505_How_Did_Ancient_Humans_Have_Privacy_.txt
Napoleon Did Some Truly Bizarre Things...,Axen,"9,706",1071,116,9.2,5:42,188,2,1.9,31,2,9,8.4,1,0,16,14.9,14,0,10,3,1,5,24,0,2_KHO_BANGHI/Axen/20260527_Napoleon_Did_Some_Truly_Bizarre_Things_.txt
How Did Ancient Humans Survive Deadly Winters?,Axen,"672,788",2231,161,13.9,10:24,213,28,12.6,2,9,28,12.6,31,2,27,12.1,15,4,17,13,2,18,9,0,2_KHO_BANGHI/Axen/20260530_How_Did_Ancient_Humans_Survive_Deadly_Winters_.txt
What Was the World Like in Ancient Human Times?,Axen,"23,840",1255,106,11.8,7:03,177,14,11.2,18,7,14,11.2,8,0,17,13.5,16,3,6,1,3,7,16,0,2_KHO_BANGHI/Axen/20260603_What_Was_the_World_Like_in_Ancient_Human_Times_.txt
Our WORLD is F*cked Up...,Axen,"11,832",1354,88,15.4,6:59,192,4,3.0,10,4,58,42.8,11,3,33,24.4,15,8,3,2,4,9,5,0,2_KHO_BANGHI/Axen/20260605_Our_WORLD_is_F_cked_Up_.txt
Why Does the OCEAN Get Creepier the Deeper You Go?,Axen,"88,002",1567,116,13.5,9:51,156,16,10.2,8,6,16,10.2,7,8,51,32.5,23,1,15,6,0,6,2,0,2_KHO_BANGHI/Axen/20260611_Why_Does_the_OCEAN_Get_Creepier_the_Deeper_You_Go_.txt
What Did Ancient Human Education Look Like?,Axen,"24,542",1554,124,12.5,10:16,149,7,4.5,5,5,6,3.9,12,0,49,31.5,33,0,13,3,3,12,17,0,2_KHO_BANGHI/Axen/20260618_What_Did_Ancient_Human_Education_Look_Like_.txt
Do Animals Live More Freely Than Humans?,Axen,"21,710",1780,142,12.5,9:23,190,8,4.5,30,4,40,22.5,20,5,11,6.2,17,3,10,4,3,13,11,0,2_KHO_BANGHI/Axen/20260626_Do_Animals_Live_More_Freely_Than_Humans_.txt
"How Gross Was the Past, Really?",Axen,"4,252",2360,152,15.5,12:41,185,12,5.1,2,5,46,19.5,8,5,25,10.6,49,3,16,2,0,16,8,0,2_KHO_BANGHI/Axen/20260803_How_Gross_Was_the_Past_Really_.txt
What Did Ancient Humans Do After Dusk?,BeforeCivilization,"3,011",1086,111,9.8,5:45,186,3,2.8,51,3,22,20.3,14,0,36,33.1,7,2,18,6,4,15,22,0,2_KHO_BANGHI/BeforeCivilization/20260501_What_Did_Ancient_Humans_Do_After_Dusk_.txt
What Ancient Humans Found Attractive Might Surprise You,BeforeCivilization,"1,705",1057,90,11.7,6:16,168,2,1.9,13,2,31,29.3,17,2,17,16.1,8,3,15,4,2,10,11,0,2_KHO_BANGHI/BeforeCivilization/20260502_What_Ancient_Humans_Found_Attractive_Might_Surprise_You.txt
Why Ancient Humans Never Got Lost (And You Still Have This Skill),BeforeCivilization,"1,458",1351,150,9.0,8:37,157,6,4.4,9,5,37,27.4,17,0,4,3.0,6,3,12,5,2,31,28,0,2_KHO_BANGHI/BeforeCivilization/20260503_Why_Ancient_Humans_Never_Got_Lost_And_You_Still_Have_This_Sk.txt
Ancient Humans Had To Do This To Keep Babies Alive,BeforeCivilization,"2,025",1457,138,10.6,8:27,173,12,8.2,16,6,21,14.4,6,0,3,2.1,1,0,13,4,10,17,18,0,2_KHO_BANGHI/BeforeCivilization/20260504_Ancient_Humans_Had_To_Do_This_To_Keep_Babies_Alive.txt
How Did Ancient Humans get High & What They Did will Surprise You,BeforeCivilization,"4,992",1306,124,10.5,10:12,127,6,4.6,2,5,14,10.7,2,2,28,21.4,17,2,7,6,7,23,24,0,2_KHO_BANGHI/BeforeCivilization/20260506_How_Did_Ancient_Humans_get_High_What_They_Did_will_Surprise_.txt
Ancient Humans Had No Jobs... So What Did They Do All Day?,BeforeCivilization,"3,987",1356,143,9.5,7:48,172,13,9.6,4,8,49,36.1,22,1,15,11.1,2,1,17,3,8,25,32,0,2_KHO_BANGHI/BeforeCivilization/20260508_Ancient_Humans_Had_No_Jobs_So_What_Did_They_Do_All_Day_.txt
What Did Ancient Humans Eat That Kept Them From Getting Fat?,BeforeCivilization,"13,792",1556,146,10.7,9:12,168,8,5.1,16,5,28,18.0,19,1,32,20.6,26,2,10,7,4,27,30,0,2_KHO_BANGHI/BeforeCivilization/20260509_What_Did_Ancient_Humans_Eat_That_Kept_Them_From_Getting_Fat_.txt
Why Did Ancient Humans Live 280 Feet Underground? ( SHOCKING!!),BeforeCivilization,"49,308",1729,173,10.0,11:13,154,17,9.8,17,9,9,5.2,9,0,15,8.7,18,0,23,8,10,34,20,0,2_KHO_BANGHI/BeforeCivilization/20260510_Why_Did_Ancient_Humans_Live_280_Feet_Underground_SHOCKING_.txt
Ancient Humans Slept Beside THIS Every Night,BeforeCivilization,"2,594",1217,125,9.7,7:52,155,40,32.9,1,10,25,20.5,10,0,11,9.0,3,1,21,5,3,26,17,0,2_KHO_BANGHI/BeforeCivilization/20260512_Ancient_Humans_Slept_Beside_THIS_Every_Night.txt
What Did Ancient Humans Do When Everyone Was Watching?,BeforeCivilization,"2,055",1435,138,10.4,10:32,136,11,7.7,6,6,10,7.0,10,0,16,11.1,12,0,25,7,3,16,13,0,2_KHO_BANGHI/BeforeCivilization/20260513_What_Did_Ancient_Humans_Do_When_Everyone_Was_Watching_.txt
What Did Ancient Humans Do When Food Vanished?,BeforeCivilization,"4,366",1174,138,8.5,7:15,161,27,23.0,10,10,11,9.4,6,0,13,11.1,15,1,27,3,3,32,25,0,2_KHO_BANGHI/BeforeCivilization/20260516_What_Did_Ancient_Humans_Do_When_Food_Vanished_.txt
What Made Ancient Humans So Deadly?,BeforeCivilization,"2,287",1307,125,10.5,7:28,173,37,28.3,4,10,29,22.2,14,1,30,23.0,17,2,8,3,1,10,27,0,2_KHO_BANGHI/BeforeCivilization/20260517_What_Made_Ancient_Humans_So_Deadly_.txt
Ancient Humans Were Drunk Every Single Day,BeforeCivilization,"113,666",1342,131,10.2,8:52,151,15,11.2,19,6,10,7.5,5,0,11,8.2,10,0,26,4,5,34,19,0,2_KHO_BANGHI/BeforeCivilization/20260518_Ancient_Humans_Were_Drunk_Every_Single_Day.txt
The Darkest Things Ancient Humans Did To Survive The Cold,BeforeCivilization,"490,973",1217,122,10.0,7:48,156,47,38.6,4,10,24,19.7,2,0,8,6.6,9,0,16,3,1,27,14,0,2_KHO_BANGHI/BeforeCivilization/20260519_The_Darkest_Things_Ancient_Humans_Did_To_Survive_The_Cold.txt
This One Mistakes Costed Other Species Their Survival While Ancient Hu,BeforeCivilization,"7,633",1232,117,10.5,7:42,160,25,20.3,9,10,4,3.2,20,0,18,14.6,19,0,24,9,7,31,13,0,2_KHO_BANGHI/BeforeCivilization/20260521_This_One_Mistakes_Costed_Other_Species_Their_Survival_While_.txt
Why Ancient Humans Started Hiding Their Bodies,BeforeCivilization,"10,967",1389,125,11.1,9:10,151,33,23.8,1,10,14,10.1,5,0,11,7.9,9,0,32,4,5,36,14,0,2_KHO_BANGHI/BeforeCivilization/20260522_Why_Ancient_Humans_Started_Hiding_Their_Bodies.txt
Smartest Ways Ancient Humans Used to Kill Animals 10x Their Size,BeforeCivilization,"12,195",1543,138,11.2,10:14,151,47,30.5,3,10,12,7.8,14,0,12,7.8,15,1,18,4,3,26,9,0,2_KHO_BANGHI/BeforeCivilization/20260523_Smartest_Ways_Ancient_Humans_Used_to_Kill_Animals_10x_Their_.txt
"Ancient Humans Had No TV, No Phones, No Internet... So What Did They D",BeforeCivilization,"2,584",1342,114,11.8,9:02,149,17,12.7,5,8,24,17.9,5,0,9,6.7,11,0,23,5,3,24,7,0,2_KHO_BANGHI/BeforeCivilization/20260525_Ancient_Humans_Had_No_TV_No_Phones_No_Internet_So_What_Did_T.txt
How Did Ancient Humans Perform surgeries?,BeforeCivilization,"3,132",1352,112,12.1,8:33,158,18,13.3,12,7,8,5.9,2,0,4,3.0,4,1,22,3,7,26,9,0,2_KHO_BANGHI/BeforeCivilization/20260527_How_Did_Ancient_Humans_Perform_surgeries_.txt
The Desperate Strategy of Ancient Humans That Saved Them From Extincti,BeforeCivilization,"5,816",1434,134,10.7,8:46,164,61,42.5,1,10,30,20.9,4,0,11,7.7,8,0,9,4,2,20,14,0,2_KHO_BANGHI/BeforeCivilization/20260529_The_Desperate_Strategy_of_Ancient_Humans_That_Saved_Them_Fro.txt
The Dark Secret Ancient Humans Took To The Grave,BeforeCivilization,"1,508",1772,165,10.7,10:55,162,7,4.0,13,3,22,12.4,15,1,7,4.0,3,0,40,5,18,51,20,0,2_KHO_BANGHI/BeforeCivilization/20260531_The_Dark_Secret_Ancient_Humans_Took_To_The_Grave.txt
What Did Ancient Humans Eat When the Food Ran Out?,BeforeCivilization,"1,612",1547,139,11.1,9:54,157,46,29.7,8,10,18,11.6,5,2,17,11.0,8,3,32,6,1,38,18,0,2_KHO_BANGHI/BeforeCivilization/20260602_What_Did_Ancient_Humans_Eat_When_the_Food_Ran_Out_.txt
How Did Ancient Humans Deal With Hygiene Before?,BeforeCivilization,"8,250",1436,140,10.3,8:41,166,27,18.8,3,10,65,45.3,17,0,6,4.2,0,0,10,1,8,16,22,0,2_KHO_BANGHI/BeforeCivilization/20260603_How_Did_Ancient_Humans_Deal_With_Hygiene_Before_.txt
Why Did Ancient Humans Fear This More Than Death?,BeforeCivilization,"2,539",1829,183,10.0,12:27,147,33,18.0,4,8,27,14.8,22,0,17,9.3,7,5,28,5,10,34,28,0,2_KHO_BANGHI/BeforeCivilization/20260605_Why_Did_Ancient_Humans_Fear_This_More_Than_Death_.txt
How Ancient Humans Actually Kept Their Children Alive Against Odds,BeforeCivilization,"7,070",2748,230,11.9,17:15,159,40,14.6,1,10,79,28.7,25,4,67,24.4,5,1,22,9,10,51,31,0,2_KHO_BANGHI/BeforeCivilization/20260607_How_Ancient_Humans_Actually_Kept_Their_Children_Alive_Agains.txt
Why Did Ancient Humans Split Into Different Colors,BeforeCivilization,"2,922",1344,142,9.5,8:54,151,17,12.6,9,7,25,18.6,10,2,15,11.2,6,0,7,8,6,29,15,0,2_KHO_BANGHI/BeforeCivilization/20260609_Why_Did_Ancient_Humans_Split_Into_Different_Colors.txt
The Darkest Things Ancient Humans Did To Survive,BeforeCivilization,"1,266",2305,210,11.0,14:08,163,47,20.4,1,10,55,23.9,23,3,61,26.5,22,3,8,10,6,33,34,0,2_KHO_BANGHI/BeforeCivilization/20260611_The_Darkest_Things_Ancient_Humans_Did_To_Survive.txt
How Did Ancient Humans Face A Terrifying Death In The Dark?,BeforeCivilization,"3,216",1258,148,8.5,9:15,136,40,31.8,2,10,16,12.7,9,2,7,5.6,0,0,34,0,16,28,39,0,2_KHO_BANGHI/BeforeCivilization/20260612_How_Did_Ancient_Humans_Face_A_Terrifying_Death_In_The_Dark_.txt
The CRAZIEST  Survival Methods Used by Ancient Humans During the Ice A,BeforeCivilization,"131,647",4726,340,13.9,30:11,156,48,10.2,2,9,66,14.0,27,3,71,15.0,19,0,27,13,10,90,32,0,2_KHO_BANGHI/BeforeCivilization/20260613_The_CRAZIEST_Survival_Methods_Used_by_Ancient_Humans_During_.txt
Why Ancient Humans Would’ve Died Without Animals (Shocking Truth!!),BeforeCivilization,"2,457",3188,318,10.0,18:04,177,58,18.2,2,10,69,21.6,79,15,36,11.3,19,1,26,17,18,63,50,0,2_KHO_BANGHI/BeforeCivilization/20260615_Why_Ancient_Humans_Would_ve_Died_Without_Animals_Shocking_Tr.txt
How Did Humans Actually Sleep In The Ice Age Without Freezing To Death,BeforeCivilization,"22,675",4133,434,9.5,25:39,161,86,20.8,4,10,72,17.4,43,0,42,10.2,11,1,20,12,13,83,56,0,2_KHO_BANGHI/BeforeCivilization/20260617_How_Did_Humans_Actually_Sleep_In_The_Ice_Age_Without_Freezin.txt
How Did ancient humans ACTUALLY Survive –40°C Winters Without Heaters?,BeforeCivilization,"13,796",3646,399,9.1,24:01,152,77,21.1,1,10,121,33.2,37,8,59,16.2,16,2,18,3,13,53,92,0,2_KHO_BANGHI/BeforeCivilization/20260618_How_Did_ancient_humans_ACTUALLY_Survive_40_C_Winters_Without.txt
How Did Humans Actually Eat During the Ice Age at -40°C?,BeforeCivilization,"11,811",4160,335,12.4,23:48,175,73,17.5,4,10,127,30.5,22,7,35,8.4,10,9,20,19,20,71,42,0,2_KHO_BANGHI/BeforeCivilization/20260619_How_Did_Humans_Actually_Eat_During_the_Ice_Age_at_40_C_.txt
How Did Ancient Humans Actually Find Water During the Ice Age?,BeforeCivilization,"16,054",5056,472,10.7,28:49,175,108,21.4,1,10,136,26.9,40,10,49,9.7,14,1,37,27,17,83,46,0,2_KHO_BANGHI/BeforeCivilization/20260621_How_Did_Ancient_Humans_Actually_Find_Water_During_the_Ice_Ag.txt
Why Didn't Ice Age Babies Freeze to Death?,BeforeCivilization,"3,104",3390,312,10.9,19:24,175,57,16.8,3,10,20,5.9,38,2,48,14.2,10,0,13,7,3,50,29,0,2_KHO_BANGHI/BeforeCivilization/20260622_Why_Didn_t_Ice_Age_Babies_Freeze_to_Death_.txt
SHOCKING Reason Why Predators Feared Ancient Humans Even in Their Slee,BeforeCivilization,"43,138",4769,434,11.0,26:21,182,153,32.1,0,10,60,12.6,87,7,66,13.8,4,0,34,17,8,72,60,0,2_KHO_BANGHI/BeforeCivilization/20260623_SHOCKING_Reason_Why_Predators_Feared_Ancient_Humans_Even_in_.txt
Why Ancient Humans Slept Inside Dead Animals,BeforeCivilization,"7,406",4375,436,10.0,24:43,177,154,35.2,1,10,150,34.3,52,2,54,12.3,12,1,29,18,12,85,71,0,2_KHO_BANGHI/BeforeCivilization/20260624_Why_Ancient_Humans_Slept_Inside_Dead_Animals.txt
Ancient Humans Had Perfect Focus — Here's Exactly What Destroyed Yours,BeforeCivilization,"2,820",4212,373,11.3,24:13,174,28,6.6,7,8,266,63.2,27,6,46,10.9,5,9,30,29,7,67,51,0,2_KHO_BANGHI/BeforeCivilization/20260625_Ancient_Humans_Had_Perfect_Focus_Here_s_Exactly_What_Destroy.txt
A Day In The Life Of An Ice Age Human,BeforeCivilization,"29,451",4940,417,11.8,29:38,167,82,16.6,2,10,266,53.8,4,5,64,13.0,5,4,31,20,7,66,62,0,2_KHO_BANGHI/BeforeCivilization/20260627_A_Day_In_The_Life_Of_An_Ice_Age_Human.txt
Why Ancient Humans Couldn't Survive Without Grandparents,BeforeCivilization,"57,505",4085,345,11.8,24:59,163,63,15.4,1,10,66,16.2,61,7,50,12.2,17,3,36,11,13,74,42,0,2_KHO_BANGHI/BeforeCivilization/20260701_Why_Ancient_Humans_Couldn_t_Survive_Without_Grandparents.txt
What Did Humans Do During Ice Age Summers?,BeforeCivilization,"41,800",4688,434,10.8,26:30,177,43,9.2,1,10,127,27.1,11,7,53,11.3,9,2,31,17,12,84,68,0,2_KHO_BANGHI/BeforeCivilization/20260703_What_Did_Humans_Do_During_Ice_Age_Summers_.txt
Why Did Ancient Humans Walk Straight Into the Ice?,BeforeCivilization,"9,950",4670,404,11.6,26:37,176,66,14.1,4,10,123,26.3,49,7,53,11.3,20,0,28,15,15,64,42,0,2_KHO_BANGHI/BeforeCivilization/20260705_Why_Did_Ancient_Humans_Walk_Straight_Into_the_Ice_.txt
How Did Ancient Humans Keep Fire Alive in Endless Rain?,BeforeCivilization,"71,951",4955,419,11.8,30:18,164,73,14.7,1,10,91,18.4,13,2,63,12.7,19,2,25,20,12,74,65,0,2_KHO_BANGHI/BeforeCivilization/20260706_How_Did_Ancient_Humans_Keep_Fire_Alive_in_Endless_Rain_.txt
How Did Ancient Humans Hunt During Weeks of Rain?,BeforeCivilization,"25,117",4799,662,7.2,26:55,178,79,16.5,1,10,251,52.3,12,3,67,14.0,3,0,22,20,17,120,150,0,2_KHO_BANGHI/BeforeCivilization/20260708_How_Did_Ancient_Humans_Hunt_During_Weeks_of_Rain_.txt
What Happened When a Prehistoric Child Made Their First kill?,BeforeCivilization,"5,872",5233,389,13.5,29:54,175,62,11.8,10,10,225,43.0,20,5,55,10.5,2,0,38,24,17,92,37,0,2_KHO_BANGHI/BeforeCivilization/20260710_What_Happened_When_a_Prehistoric_Child_Made_Their_First_kill.txt
What Happened If Ancient Humans Lost Their Tribe?,BeforeCivilization,"12,582",5080,467,10.9,31:20,162,76,15.0,1,10,266,52.4,28,8,64,12.6,4,0,30,21,12,97,69,0,2_KHO_BANGHI/BeforeCivilization/20260711_What_Happened_If_Ancient_Humans_Lost_Their_Tribe_.txt
The Deadliest Mistake Ice Age Humans Ever Made,BeforeCivilization,"16,129",5064,393,12.9,32:49,154,58,11.5,1,10,68,13.4,20,2,62,12.2,58,1,39,22,11,77,40,0,2_KHO_BANGHI/BeforeCivilization/20260713_The_Deadliest_Mistake_Ice_Age_Humans_Ever_Made.txt
What Did Ancient Humans Do When Their Cave Flooded?,BeforeCivilization,"4,048",4466,521,8.6,31:27,142,39,8.7,3,10,119,26.6,41,0,57,12.8,27,3,50,21,21,65,109,0,2_KHO_BANGHI/BeforeCivilization/20260714_What_Did_Ancient_Humans_Do_When_Their_Cave_Flooded_.txt
What Did Ancient Humans Do When a Predator Followed Them Home?,BeforeCivilization,"6,392",4188,322,13.0,25:27,164,51,12.2,3,10,98,23.4,84,0,87,20.8,47,1,37,28,12,66,41,0,2_KHO_BANGHI/BeforeCivilization/20260715_What_Did_Ancient_Humans_Do_When_a_Predator_Followed_Them_Hom.txt
The Worst Place to Spend One Night During the Ice Age,BeforeCivilization,"8,942",4972,493,10.1,33:09,149,44,8.8,0,10,171,34.4,21,10,100,20.1,55,2,35,46,4,89,144,0,2_KHO_BANGHI/BeforeCivilization/20260717_The_Worst_Place_to_Spend_One_Night_During_the_Ice_Age.txt
What Happened After Ancient Humans Killed a Mammoth?,BeforeCivilization,"34,253",4752,578,8.2,30:48,154,40,8.4,6,10,41,8.6,12,0,62,13.0,6,1,35,3,29,52,121,0,2_KHO_BANGHI/BeforeCivilization/20260719_What_Happened_After_Ancient_Humans_Killed_a_Mammoth_.txt
The Largest Animals Hunted by Ancient Humans,BeforeCivilization,"3,138",4628,335,13.8,30:56,148,49,10.6,1,10,45,9.7,65,11,102,22.0,66,5,35,15,10,71,41,0,2_KHO_BANGHI/BeforeCivilization/20260722_The_Largest_Animals_Hunted_by_Ancient_Humans.txt
How Did Ancient Humans Sleep Through Endless Rain?,BeforeCivilization,"79,601",4201,281,15.0,26:20,159,27,6.4,4,10,90,21.4,47,6,74,17.6,48,5,41,20,5,58,25,0,2_KHO_BANGHI/BeforeCivilization/20260723_How_Did_Ancient_Humans_Sleep_Through_Endless_Rain_.txt
What Did Ancient humans Do If They Were Injured Far From Home?,BeforeCivilization,"6,001",5302,411,12.9,34:48,151,52,9.8,3,10,99,18.7,44,5,124,23.4,82,1,40,33,8,62,48,0,2_KHO_BANGHI/BeforeCivilization/20260724_What_Did_Ancient_humans_Do_If_They_Were_Injured_Far_From_Hom.txt
The Terrifying Sound Every Ancient Human Recognized,BeforeCivilization,"23,808",3948,404,9.8,27:52,141,63,16.0,1,10,152,38.5,28,3,50,12.7,22,2,47,18,16,51,78,0,2_KHO_BANGHI/BeforeCivilization/20260725_The_Terrifying_Sound_Every_Ancient_Human_Recognized.txt
Why Ancient Humans Couldn't Afford to Lose Their Grandparents,BeforeCivilization,"40,948",3933,421,9.3,25:32,153,40,10.2,0,10,69,17.5,24,3,88,22.4,32,1,24,13,15,79,65,0,2_KHO_BANGHI/BeforeCivilization/20260726_Why_Ancient_Humans_Couldn_t_Afford_to_Lose_Their_Grandparent.txt
What Did Ancient Humans Do With People Who Heard Voices?,BeforeCivilization,"5,530",4442,435,10.2,32:00,138,21,4.7,4,7,47,10.6,44,1,55,12.4,59,2,64,21,29,73,74,0,2_KHO_BANGHI/BeforeCivilization/20260727_What_Did_Ancient_Humans_Do_With_People_Who_Heard_Voices_.txt
The Most Horrifying Ways Ancient Humans Stayed Warm,BeforeCivilization,"7,753",5081,374,13.6,32:00,159,102,20.1,1,10,121,23.8,30,0,45,8.9,4,0,37,19,11,83,29,0,2_KHO_BANGHI/BeforeCivilization/20260728_The_Most_Horrifying_Ways_Ancient_Humans_Stayed_Warm.txt
What Happned When Ancient Humans Discovered Fire?,BeforeCivilization,"5,540",5128,414,12.4,35:23,144,20,3.9,4,8,156,30.4,47,12,105,20.5,51,5,36,23,17,82,73,0,2_KHO_BANGHI/BeforeCivilization/20260729_What_Happned_When_Ancient_Humans_Discovered_Fire_.txt
What Happened When It Didn't Snow During the Ice Age?,BeforeCivilization,"3,585",5206,429,12.1,36:32,140,24,4.6,1,9,45,8.6,14,7,127,24.4,104,2,34,25,8,59,62,0,2_KHO_BANGHI/BeforeCivilization/20260730_What_Happened_When_It_Didn_t_Snow_During_the_Ice_Age_.txt
6 Scary Prehistoric Animals Found Frozen in Ice,BeforeCivilization,"3,279",4988,402,12.4,31:53,155,49,9.8,1,10,56,11.2,36,1,129,25.9,66,5,48,18,7,60,70,0,2_KHO_BANGHI/BeforeCivilization/20260731_6_Scary_Prehistoric_Animals_Found_Frozen_in_Ice.txt
Why Ancient Humans Risked Everything To Teach Children,BeforeCivilization,"4,885",5631,566,9.9,32:09,174,43,7.6,2,9,245,43.5,10,2,88,15.6,9,2,40,37,4,102,120,0,2_KHO_BANGHI/BeforeCivilization/20260801_Why_Ancient_Humans_Risked_Everything_To_Teach_Children.txt
The Ancient Survival Trick That Kept Fire Alive for Days,BeforeCivilization,"4,239",5017,499,10.1,30:39,164,51,10.2,2,10,124,24.7,19,4,60,12.0,28,2,32,23,12,86,83,0,2_KHO_BANGHI/BeforeCivilization/20260802_The_Ancient_Survival_Trick_That_Kept_Fire_Alive_for_Days.txt
How Ancient Humans Survived 6 Months Without Seeing The Sun,BeforeCivilization,"8,748",4921,417,11.8,29:15,168,41,8.3,3,10,178,36.2,10,5,57,11.6,10,3,35,28,7,70,78,0,2_KHO_BANGHI/BeforeCivilization/20260803_How_Ancient_Humans_Survived_6_Months_Without_Seeing_The_Sun.txt
Why Were Ancient Humans Healthier Than Us?,BeforeCivilization,"2,276",4646,440,10.6,27:17,170,66,14.2,0,10,112,24.1,69,1,60,12.9,14,6,32,15,6,90,67,0,2_KHO_BANGHI/BeforeCivilization/20260805_Why_Were_Ancient_Humans_Healthier_Than_Us_.txt
Do This for 20 Seconds to Reset Your Mind,BrightPsycho,245,555,99,5.6,3:47,144,3,5.4,4,3,39,70.3,0,0,15,27.0,0,2,0,2,0,8,48,0,2_KHO_BANGHI/BrightPsycho/20251229_Do_This_for_20_Seconds_to_Reset_Your_Mind.txt
Small 6 Habits That Create Massive Change,BrightPsycho,59,687,121,5.7,4:14,162,0,0.0,100,0,32,46.6,0,4,19,27.7,3,3,3,0,1,2,50,0,2_KHO_BANGHI/BrightPsycho/20251230_Small_6_Habits_That_Create_Massive_Change.txt
Stop Procrastinating: The 60-Second Brain Trick,BrightPsycho,51,769,115,6.7,4:50,158,6,7.8,12,4,55,71.5,0,3,11,14.3,5,2,1,3,2,13,35,0,2_KHO_BANGHI/BrightPsycho/20251231_Stop_Procrastinating_The_60_Second_Brain_Trick.txt
5 Things You're Doing WRONG When Trying to Build Habits,BrightPsycho,42,659,126,5.2,4:16,154,9,13.7,6,5,42,63.7,0,7,11,16.7,8,0,0,1,3,11,67,0,2_KHO_BANGHI/BrightPsycho/20260101_5_Things_You_re_Doing_WRONG_When_Trying_to_Build_Habits.txt
This One Daily Habit Is Quietly Destroying Your Focus (Psychology Expl,BrightPsycho,52,752,148,5.1,5:28,137,1,1.3,43,1,30,39.9,0,2,23,30.6,2,4,3,1,1,8,79,0,2_KHO_BANGHI/BrightPsycho/20260102_This_One_Daily_Habit_Is_Quietly_Destroying_Your_Focus_Psycho.txt
4 Small Habits That Slowly Destroy Confidence,BrightPsycho,105,784,122,6.4,5:18,148,2,2.6,80,1,85,108.4,0,12,17,21.7,0,0,6,5,5,9,42,0,2_KHO_BANGHI/BrightPsycho/20260103_4_Small_Habits_That_Slowly_Destroy_Confidence.txt
The 2-Min Brain Trick That Stops Procrastination (Try Tonight),BrightPsycho,141,814,107,7.6,4:54,164,2,2.5,13,1,71,87.2,0,10,23,28.3,11,8,2,4,0,13,26,0,2_KHO_BANGHI/BrightPsycho/20260104_The_2_Min_Brain_Trick_That_Stops_Procrastination_Try_Tonight.txt
Are Intelligent People With Imposter Syndrome Hiding In Plain Sight,BrightPsycho,24,809,79,10.2,4:21,186,0,0.0,100,0,80,98.9,0,12,22,27.2,9,0,2,8,0,12,15,0,2_KHO_BANGHI/BrightPsycho/20260105_Are_Intelligent_People_With_Imposter_Syndrome_Hiding_In_Plai.txt
WARNING: This Daily Habit Is Destroying Your Focus,BrightPsycho,607,871,120,7.3,4:49,177,3,3.4,8,3,78,89.6,5,2,43,49.4,1,9,1,8,1,12,32,0,2_KHO_BANGHI/BrightPsycho/20260106_WARNING_This_Daily_Habit_Is_Destroying_Your_Focus.txt
This One Morning Habit Quietly Shapes Your Life,BrightPsycho,71,497,79,6.3,2:56,169,2,4.0,28,2,29,58.4,1,4,15,30.2,2,2,1,0,1,2,31,0,2_KHO_BANGHI/BrightPsycho/20260107_This_One_Morning_Habit_Quietly_Shapes_Your_Life.txt
The Morning Habit That Rewires Your Mood Every Day,BrightPsycho,87,811,150,5.4,5:14,153,2,2.5,49,2,49,60.4,1,3,20,24.7,2,5,3,0,4,12,70,0,2_KHO_BANGHI/BrightPsycho/20260108_The_Morning_Habit_That_Rewires_Your_Mood_Every_Day.txt
Top 5 Morning Habits Most Successful People Never Skip,BrightPsycho,171,777,139,5.6,5:06,152,3,3.9,27,2,37,47.6,1,9,14,18.0,2,4,3,0,2,13,62,0,2_KHO_BANGHI/BrightPsycho/20260109_Top_5_Morning_Habits_Most_Successful_People_Never_Skip.txt
Do this every morning for 30 days and your brain will feel quieter,BrightPsycho,92,1292,156,8.3,8:00,159,4,3.1,31,3,119,92.1,2,13,63,48.8,4,8,6,5,0,33,33,0,2_KHO_BANGHI/BrightPsycho/20260110_Do_this_every_morning_for_30_days_and_your_brain_will_feel_q.txt
Stop Overthinking in 10 Seconds – Simple Brain Trick,BrightPsycho,"1,055",1237,196,6.3,8:02,153,6,4.9,1,3,87,70.3,6,16,40,32.3,3,1,0,4,12,31,75,0,2_KHO_BANGHI/BrightPsycho/20260111_Stop_Overthinking_in_10_Seconds_Simple_Brain_Trick.txt
The 5 SECOND Brain Hack to Boost Productivity,BrightPsycho,165,1061,145,7.3,6:39,156,3,2.8,3,2,73,68.8,0,3,56,52.8,6,6,1,2,1,32,43,0,2_KHO_BANGHI/BrightPsycho/20260112_The_5_SECOND_Brain_Hack_to_Boost_Productivity.txt
I Tried a 10 Second Productivity Trick for 30 Days and Here's What Hap,BrightPsycho,55,401,47,8.5,2:40,150,0,0.0,100,0,43,107.2,0,2,9,22.4,0,2,0,1,0,13,15,0,2_KHO_BANGHI/BrightPsycho/20260113_I_Tried_a_10_Second_Productivity_Trick_for_30_Days_and_Here_.txt
Top Anxiety Expert Shares 3-Second Mindfulness Hack,BrightPsycho,50,565,81,7.0,3:39,154,7,12.4,2,5,41,72.6,4,7,16,28.3,5,0,0,2,3,16,26,0,2_KHO_BANGHI/BrightPsycho/20260114_Top_Anxiety_Expert_Shares_3_Second_Mindfulness_Hack.txt
Expert Reveals 3 Simple Tricks to Boost Your Daily Productivity with M,BrightPsycho,28,544,57,9.5,4:06,133,2,3.7,7,2,42,77.2,0,6,22,40.4,4,0,2,3,1,11,11,0,2_KHO_BANGHI/BrightPsycho/20260118_Expert_Reveals_3_Simple_Tricks_to_Boost_Your_Daily_Productiv.txt
Brain Shutdown Faceoff 5-Minute vs 2-Minute Method,BrightPsycho,103,666,89,7.5,5:23,122,2,3.0,15,2,50,75.1,2,4,30,45.0,4,2,2,1,3,19,26,0,2_KHO_BANGHI/BrightPsycho/20260120_Brain_Shutdown_Faceoff_5_Minute_vs_2_Minute_Method.txt
The 7-Second Confidence Trick (Stand Like a Winner),BrightPsycho,222,890,112,7.9,5:43,154,9,10.1,3,6,90,101.1,2,5,30,33.7,1,1,0,1,3,20,30,0,2_KHO_BANGHI/BrightPsycho/20260130_The_7_Second_Confidence_Trick_Stand_Like_a_Winner_.txt
Relax Your JAW in 3 Seconds with this Simple Trick,BrightPsycho,37,884,127,7.0,5:56,148,11,12.4,2,7,72,81.4,2,2,28,31.7,2,3,1,1,2,24,47,0,2_KHO_BANGHI/BrightPsycho/20260131_Relax_Your_JAW_in_3_Seconds_with_this_Simple_Trick.txt
The 10 Second Rule That Will Boost Your Energy Levels FOREVER,BrightPsycho,156,1057,142,7.4,6:51,150,9,8.5,4,5,84,79.5,4,3,65,61.5,6,6,0,0,2,23,46,0,2_KHO_BANGHI/BrightPsycho/20260201_The_10_Second_Rule_That_Will_Boost_Your_Energy_Levels_FOREVE.txt
Top Doctor Reveals 5-Second ENERGY BOOST with Cold Water Wrist Trick,BrightPsycho,22,1012,140,7.2,6:47,148,11,10.9,13,7,92,90.9,2,3,39,38.5,4,10,0,1,1,26,52,0,2_KHO_BANGHI/BrightPsycho/20260202_Top_Doctor_Reveals_5_Second_ENERGY_BOOST_with_Cold_Water_Wri.txt
Stop Overthinking Before Sleep in 10 Seconds (One-Line Dump Trick),BrightPsycho,44,1048,143,7.3,6:29,161,4,3.8,1,4,72,68.7,2,6,50,47.7,5,3,2,0,13,25,38,0,2_KHO_BANGHI/BrightPsycho/20260203_Stop_Overthinking_Before_Sleep_in_10_Seconds_One_Line_Dump_T.txt
The First 90 Seconds After Waking Decide Your Entire Day,BrightPsycho,126,832,149,5.6,5:45,144,2,2.4,52,1,50,60.1,1,9,20,24.0,1,5,5,1,0,13,67,0,2_KHO_BANGHI/BrightPsycho/20260204_The_First_90_Seconds_After_Waking_Decide_Your_Entire_Day.txt
Happiness Hack vs Quick Fix Which is Better for Your Mood,BrightPsycho,46,637,128,5.0,4:14,150,3,4.7,52,2,38,59.7,0,6,28,44.0,3,1,1,1,2,5,66,0,2_KHO_BANGHI/BrightPsycho/20260205_Happiness_Hack_vs_Quick_Fix_Which_is_Better_for_Your_Mood.txt
Feel Energized Right Now – 10-Second Brain Hack (No Coffee),BrightPsycho,58,642,131,4.9,4:36,139,5,7.8,2,4,33,51.4,0,9,22,34.3,2,3,0,0,1,2,65,0,2_KHO_BANGHI/BrightPsycho/20260206_Feel_Energized_Right_Now_10_Second_Brain_Hack_No_Coffee_.txt
Calm on Sundays Is Meditation Really Better Than Deep Breathing for Re,BrightPsycho,15,562,132,4.3,3:56,142,4,7.1,49,3,22,39.1,0,8,20,35.6,1,0,1,0,5,1,84,1,2_KHO_BANGHI/BrightPsycho/20260208_Calm_on_Sundays_Is_Meditation_Really_Better_Than_Deep_Breath.txt
This 10-Second Hack Builds Unstoppable Confidence [Do Now],BrightPsycho,174,581,143,4.1,4:28,130,0,0.0,100,0,25,43.0,0,10,23,39.6,3,0,1,0,3,1,95,0,2_KHO_BANGHI/BrightPsycho/20260209_This_10_Second_Hack_Builds_Unstoppable_Confidence_Do_Now_.txt
The BIGGEST Morning Mistake That's Weighing You Down,BrightPsycho,58,1181,181,6.5,8:56,132,5,4.2,18,4,65,55.0,0,13,23,19.5,2,2,2,5,2,27,60,0,2_KHO_BANGHI/BrightPsycho/20260210_The_BIGGEST_Morning_Mistake_That_s_Weighing_You_Down.txt
Brain Hacks vs Positive Thinking Which is Better for Confidence?,BrightPsycho,41,778,141,5.5,5:06,150,4,5.1,21,4,42,54.0,1,9,28,36.0,3,1,4,0,3,19,71,0,2_KHO_BANGHI/BrightPsycho/20260211_Brain_Hacks_vs_Positive_Thinking_Which_is_Better_for_Confide.txt
Reset Social Anxiety in 7 Seconds (Hands + Breath Trick),BrightPsycho,223,1261,156,8.1,8:03,155,6,4.8,8,5,75,59.5,4,27,42,33.3,7,2,4,4,8,26,43,0,2_KHO_BANGHI/BrightPsycho/20260212_Reset_Social_Anxiety_in_7_Seconds_Hands_Breath_Trick_.txt
Why Quiet People Are The Strongest | Psychology Facts,BrightPsycho,25,651,82,7.9,5:00,130,0,0.0,100,0,8,12.3,1,3,7,10.8,1,0,6,2,6,10,24,0,2_KHO_BANGHI/BrightPsycho/20260408_Why_Quiet_People_Are_The_Strongest_Psychology_Facts.txt
7 Reasons Why Talking to Yourself Makes You Smarter,BrightPsycho,26,801,98,8.2,6:02,134,0,0.0,100,0,38,47.4,0,5,6,7.5,7,0,7,2,9,12,39,0,2_KHO_BANGHI/BrightPsycho/20260409_7_Reasons_Why_Talking_to_Yourself_Makes_You_Smarter.txt
4 Mistakes That Make Overthinking Worse,BrightPsycho,56,1487,165,9.0,11:21,131,4,2.7,6,2,99,66.6,2,22,21,14.1,9,0,9,3,15,33,35,0,2_KHO_BANGHI/BrightPsycho/20260410_4_Mistakes_That_Make_Overthinking_Worse.txt
Warning  this Overthinking Secretly Destroys Your Happiness,BrightPsycho,80,1404,147,9.6,10:30,134,5,3.6,5,4,88,62.7,0,16,11,7.8,3,0,15,5,16,38,26,0,2_KHO_BANGHI/BrightPsycho/20260411_Warning_this_Overthinking_Secretly_Destroys_Your_Happiness.txt
Your Anxiety is Lying to You | 3 Tricks That Actually Work,BrightPsycho,101,1193,124,9.6,8:42,137,13,10.9,1,7,65,54.5,2,8,17,14.2,4,1,7,2,9,29,21,0,2_KHO_BANGHI/BrightPsycho/20260413_Your_Anxiety_is_Lying_to_You_3_Tricks_That_Actually_Work.txt
Do you feel mentally exhausted even on normal days,BrightPsycho,42,1192,119,10.0,8:55,134,3,2.5,3,2,77,64.6,0,6,11,9.2,5,5,5,1,4,26,28,0,2_KHO_BANGHI/BrightPsycho/20260414_Do_you_feel_mentally_exhausted_even_on_normal_days.txt
Your Brain Is Working Against You — 5 Habits Destroying Your Motivatio,BrightPsycho,75,1106,138,8.0,8:56,124,1,0.9,72,1,79,71.4,1,17,39,35.3,11,5,8,4,2,26,50,0,2_KHO_BANGHI/BrightPsycho/20260416_Your_Brain_Is_Working_Against_You_5_Habits_Destroying_Your_M.txt
Feel Happy Instantly – 4 Brain Hacks in 15 Seconds,BrightPsycho,107,887,115,7.7,6:35,134,2,2.3,26,2,78,87.9,2,13,20,22.5,8,0,1,7,7,17,33,0,2_KHO_BANGHI/BrightPsycho/20260418_Feel_Happy_Instantly_4_Brain_Hacks_in_15_Seconds.txt
6 Normal Habits That Are Destroying Your Brain,BrightPsycho,913,1091,146,7.5,8:51,123,2,1.8,6,2,89,81.6,0,13,24,22.0,3,3,7,5,10,15,44,0,2_KHO_BANGHI/BrightPsycho/20260419_6_Normal_Habits_That_Are_Destroying_Your_Brain.txt
4 Brain Tricks That Stop Overthinking in 10 Seconds,BrightPsycho,48,849,117,7.3,6:36,128,8,9.4,11,7,73,86.0,0,11,15,17.7,10,0,1,4,9,22,33,0,2_KHO_BANGHI/BrightPsycho/20260421_4_Brain_Tricks_That_Stop_Overthinking_in_10_Seconds.txt
7-Minute Brain Reset to Beat Overthinking Instantly,BrightPsycho,134,1135,175,6.5,9:22,121,4,3.5,17,2,86,75.8,5,8,33,29.1,0,4,5,6,2,33,69,0,2_KHO_BANGHI/BrightPsycho/20260422_7_Minute_Brain_Reset_to_Beat_Overthinking_Instantly.txt
10 Morning Habits That Make You Happier,BrightPsycho,85,1138,123,9.3,8:16,136,2,1.8,28,2,84,73.8,0,9,45,39.5,3,12,0,3,3,12,33,0,2_KHO_BANGHI/BrightPsycho/20260424_10_Morning_Habits_That_Make_You_Happier.txt
These Daily Habits Are Silently Rewiring Your Brain,BrightPsycho,38,845,92,9.2,6:29,130,3,3.6,4,2,94,111.2,0,11,13,15.4,6,2,4,5,5,14,25,0,2_KHO_BANGHI/BrightPsycho/20260425_These_Daily_Habits_Are_Silently_Rewiring_Your_Brain.txt
You’re Not Lazy This Is Why You Can’t Focus,BrightPsycho,109,1089,137,7.9,8:37,125,2,1.8,26,2,83,76.2,0,2,33,30.3,0,4,4,6,1,29,29,0,2_KHO_BANGHI/BrightPsycho/20260428_You_re_Not_Lazy_This_Is_Why_You_Can_t_Focus.txt
Do This Before Bed & Wake Up Happy (8-Second Trick),BrightPsycho,132,1176,144,8.2,9:22,125,1,0.9,63,1,93,79.1,0,8,39,33.2,0,4,5,7,3,30,37,0,2_KHO_BANGHI/BrightPsycho/20260430_Do_This_Before_Bed_Wake_Up_Happy_8_Second_Trick_.txt
5 Habits That Instantly Reset Your Mood in 60 Seconds,BrightPsycho,114,1402,176,8.0,10:41,131,6,4.3,23,4,105,74.9,0,9,49,35.0,6,1,8,10,4,31,39,0,2_KHO_BANGHI/BrightPsycho/20260503_5_Habits_That_Instantly_Reset_Your_Mood_in_60_Seconds.txt
The Night Habit That Makes You Wake Up Happy in 10 second,BrightPsycho,247,1049,147,7.1,8:16,125,0,0.0,100,0,79,75.3,0,6,44,41.9,2,4,5,4,8,28,46,0,2_KHO_BANGHI/BrightPsycho/20260504_The_Night_Habit_That_Makes_You_Wake_Up_Happy_in_10_second.txt
5 Happiness Hacks You Can Do in 10 Seconds ( Psychology),BrightPsycho,110,1119,149,7.5,8:03,138,10,8.9,21,4,87,77.7,0,7,46,41.1,3,0,5,3,7,18,44,0,2_KHO_BANGHI/BrightPsycho/20260506_5_Happiness_Hacks_You_Can_Do_in_10_Seconds_Psychology_.txt
5 Silent Habits That Are Killing Your Happiness,BrightPsycho,61,908,99,9.2,7:38,119,6,6.6,14,5,71,78.2,1,8,11,12.1,2,6,5,5,6,16,22,0,2_KHO_BANGHI/BrightPsycho/20260508_5_Silent_Habits_That_Are_Killing_Your_Happiness.txt
The Happiness Habit Happy People Never Miss,BrightPsycho,82,832,109,7.6,6:31,128,1,1.2,29,1,38,45.7,0,3,22,26.4,0,3,2,3,2,14,35,0,2_KHO_BANGHI/BrightPsycho/20260510_The_Happiness_Habit_Happy_People_Never_Miss.txt
The Psychology of People Who Stay Calm Under Pressure,BrightPsycho,102,992,122,8.1,8:38,115,6,6.0,22,5,30,30.2,0,9,15,15.1,8,0,3,2,12,29,31,0,2_KHO_BANGHI/BrightPsycho/20260513_The_Psychology_of_People_Who_Stay_Calm_Under_Pressure.txt
Why Some People Never Give Up After Failure,BrightPsycho,91,954,115,8.3,8:37,111,2,2.1,3,2,13,13.6,0,5,11,11.5,7,0,3,3,6,33,25,0,2_KHO_BANGHI/BrightPsycho/20260517_Why_Some_People_Never_Give_Up_After_Failure.txt
Why Smart People Are Prone to Overthinking,BrightPsycho,84,821,91,9.0,7:15,114,5,6.1,4,3,32,39.0,0,7,2,2.4,2,0,3,4,9,26,11,0,2_KHO_BANGHI/BrightPsycho/20260521_Why_Smart_People_Are_Prone_to_Overthinking.txt
5 Habits Happy People Do Before 9 AM,BrightPsycho,144,869,107,8.1,7:20,118,4,4.6,29,3,44,50.6,0,2,18,20.7,2,3,6,0,3,24,22,0,2_KHO_BANGHI/BrightPsycho/20260524_5_Habits_Happy_People_Do_Before_9_AM.txt
The Psychology Behind Unhappy People,BrightPsycho,112,803,91,8.8,7:18,110,1,1.2,21,1,14,17.4,0,4,7,8.7,1,0,2,1,4,32,18,0,2_KHO_BANGHI/BrightPsycho/20260525_The_Psychology_Behind_Unhappy_People.txt
The Psychology of Discipline and Self-Control,BrightPsycho,126,867,98,8.8,6:26,139,1,1.2,77,1,27,31.1,0,3,12,13.8,1,1,2,2,3,19,15,0,2_KHO_BANGHI/BrightPsycho/20260528_The_Psychology_of_Discipline_and_Self_Control.txt
Ancient Humans Healed Infections Using This One Plant,BrightPsycho,182,1554,127,12.2,9:33,163,15,9.7,7,9,23,14.8,14,0,7,4.5,16,0,9,7,6,24,16,0,2_KHO_BANGHI/BrightPsycho/20260530_Ancient_Humans_Healed_Infections_Using_This_One_Plant.txt
Did Ancient Humans Talk To Animals?,BrightPsycho,670,1128,85,13.3,6:52,164,1,0.9,87,1,9,8.0,12,0,16,14.2,29,1,18,5,2,15,6,0,2_KHO_BANGHI/BrightPsycho/20260602_Did_Ancient_Humans_Talk_To_Animals_.txt
Ancient Humans Had the Perfect Hunting Partner — And It Could Fly,BrightPsycho,221,971,69,14.1,6:03,160,11,11.3,10,7,9,9.3,4,1,11,11.3,5,0,10,3,0,11,5,0,2_KHO_BANGHI/BrightPsycho/20260605_Ancient_Humans_Had_the_Perfect_Hunting_Partner_And_It_Could_.txt
How Did Ancient Humans Impress A Girl ?,BrightPsycho,373,1051,74,14.2,6:09,171,18,17.1,14,9,21,20.0,5,8,11,10.5,2,2,12,2,4,5,9,0,2_KHO_BANGHI/BrightPsycho/20260607_How_Did_Ancient_Humans_Impress_A_Girl_.txt
Why Did Ancient Humans Raise Other Kids?,BrightPsycho,329,952,83,11.5,5:31,173,14,14.7,1,7,11,11.6,8,1,16,16.8,3,0,11,3,5,10,13,0,2_KHO_BANGHI/BrightPsycho/20260610_Why_Did_Ancient_Humans_Raise_Other_Kids_.txt
Why Are Animals Afraid Of Humans?,BrightPsycho,"4,262",1152,84,13.7,7:29,153,30,26.0,1,10,16,13.9,2,1,12,10.4,4,2,8,4,1,14,9,0,2_KHO_BANGHI/BrightPsycho/20260612_Why_Are_Animals_Afraid_Of_Humans_.txt
Why Don't Wild Animals Eat Sleeping Humans ?,BrightPsycho,"129,514",1127,105,10.7,6:49,165,43,38.2,4,10,40,35.5,8,0,8,7.1,5,0,9,8,3,14,14,0,2_KHO_BANGHI/BrightPsycho/20260614_Why_Don_t_Wild_Animals_Eat_Sleeping_Humans_.txt
Why Are This Animals Fear Of Humans?,BrightPsycho,"2,691",1151,90,12.8,7:25,155,24,20.9,4,9,24,20.9,21,0,12,10.4,6,0,10,5,2,10,5,0,2_KHO_BANGHI/BrightPsycho/20260616_Why_Are_This_Animals_Fear_Of_Humans_.txt
Animals Know What's Coming | The Signal Humans Lost,BrightPsycho,672,974,74,13.2,6:44,145,4,4.1,23,4,3,3.1,22,0,7,7.2,9,0,10,2,7,9,6,0,2_KHO_BANGHI/BrightPsycho/20260618_Animals_Know_What_s_Coming_The_Signal_Humans_Lost.txt
Why Not Predators Attack Sleeping Humans?,BrightPsycho,638,987,110,9.0,7:03,140,25,25.3,5,9,27,27.4,16,0,15,15.2,4,1,4,4,2,13,19,0,2_KHO_BANGHI/BrightPsycho/20260620_Why_Not_Predators_Attack_Sleeping_Humans_.txt
Why Don't wild Animals Attack Crying Babies ?,BrightPsycho,"1,085",1294,119,10.9,8:28,152,35,27.0,5,10,8,6.2,6,1,24,18.5,3,0,5,2,5,10,23,0,2_KHO_BANGHI/BrightPsycho/20260623_Why_Don_t_wild_Animals_Attack_Crying_Babies_.txt
Gorillas Share Their Pain With Humans?,BrightPsycho,192,1245,84,14.8,7:33,165,13,10.4,6,6,24,19.3,21,0,11,8.8,6,1,12,5,0,10,8,0,2_KHO_BANGHI/BrightPsycho/20260625_Gorillas_Share_Their_Pain_With_Humans_.txt
Why This Wild Animal Handed Its Baby to a Human?,BrightPsycho,"1,602",1432,92,15.6,9:14,155,12,8.4,9,6,3,2.1,12,2,23,16.1,13,0,11,4,3,9,9,0,2_KHO_BANGHI/BrightPsycho/20260628_Why_This_Wild_Animal_Handed_Its_Baby_to_a_Human_.txt
Why Predators Hunt Humans While Others Run ?,BrightPsycho,569,1361,105,13.0,8:19,164,32,23.5,3,10,53,38.9,23,9,19,14.0,10,1,5,0,6,7,5,0,2_KHO_BANGHI/BrightPsycho/20260630_Why_Predators_Hunt_Humans_While_Others_Run_.txt
Which Animal Bite Can Kill You in 60 Seconds?,BrightPsycho,822,1413,106,13.3,8:27,167,15,10.6,11,9,44,31.1,13,0,20,14.2,5,1,6,3,1,21,8,0,2_KHO_BANGHI/BrightPsycho/20260702_Which_Animal_Bite_Can_Kill_You_in_60_Seconds_.txt
Which Insect Sting Can Kill You in Minutes ?,BrightPsycho,309,959,74,13.0,6:13,154,25,26.1,4,10,20,20.9,8,0,10,10.4,4,0,11,2,1,24,9,0,2_KHO_BANGHI/BrightPsycho/20260704_Which_Insect_Sting_Can_Kill_You_in_Minutes_.txt
Why Do Animals Save Human Lives ?,BrightPsycho,"2,657",944,80,11.8,6:10,153,5,5.3,40,5,23,24.4,4,1,10,10.6,7,0,12,4,4,14,16,0,2_KHO_BANGHI/BrightPsycho/20260706_Why_Do_Animals_Save_Human_Lives_.txt
Why Do Elephants Bury Their Dead?,BrightPsycho,450,1103,104,10.6,7:01,157,24,21.8,8,8,16,14.5,5,0,9,8.2,12,0,11,8,4,24,18,0,2_KHO_BANGHI/BrightPsycho/20260708_Why_Do_Elephants_Bury_Their_Dead_.txt
Why Can't We Eat Predator Meat?,BrightPsycho,"504,462",1649,102,16.2,11:11,146,32,19.4,5,9,12,7.3,5,0,24,14.6,16,0,12,3,2,15,4,0,2_KHO_BANGHI/BrightPsycho/20260709_Why_Can_t_We_Eat_Predator_Meat_.txt
Why Do Some Animals Adopt Babies From Other Species?,BrightPsycho,"1,431",1435,81,17.7,9:22,154,15,10.5,4,7,5,3.5,0,1,13,9.1,13,0,10,5,1,5,6,0,2_KHO_BANGHI/BrightPsycho/20260710_Why_Do_Some_Animals_Adopt_Babies_From_Other_Species_.txt
Why Do We Only Eat Chicken Eggs?,BrightPsycho,"135,214",1724,124,13.9,11:12,153,4,2.3,23,3,23,13.3,3,0,31,18.0,23,4,12,7,2,22,10,0,2_KHO_BANGHI/BrightPsycho/20260711_Why_Do_We_Only_Eat_Chicken_Eggs_.txt
Why Don't We Drink Any Other Animal's Milk?,BrightPsycho,"51,283",1660,118,14.1,10:28,159,4,2.4,24,4,21,12.7,10,0,14,8.4,10,2,16,14,4,24,7,0,2_KHO_BANGHI/BrightPsycho/20260713_Why_Don_t_We_Drink_Any_Other_Animal_s_Milk_.txt
Why Can't We Eat Wild Bird Meat ?,BrightPsycho,"21,274",1411,113,12.5,8:49,160,16,11.3,9,7,29,20.6,12,0,27,19.1,27,0,4,6,4,11,16,0,2_KHO_BANGHI/BrightPsycho/20260715_Why_Can_t_We_Eat_Wild_Bird_Meat_.txt
Why Wild Animals Secretly Ask Humans To Help Them?,BrightPsycho,"3,878",1451,111,13.1,9:34,152,15,10.3,2,8,1,0.7,16,1,19,13.1,11,0,18,8,3,15,11,0,2_KHO_BANGHI/BrightPsycho/20260717_Why_Wild_Animals_Secretly_Ask_Humans_To_Help_Them_.txt
Why Don't We Eat Enough Insects ?,BrightPsycho,"5,811",1744,184,9.5,11:55,145,10,5.7,4,5,22,12.6,12,0,39,22.4,17,2,21,6,6,19,33,0,2_KHO_BANGHI/BrightPsycho/20260718_Why_Don_t_We_Eat_Enough_Insects_.txt
Why Don't We Eat Crocodile Meat?,BrightPsycho,"13,211",1362,133,10.2,8:46,156,18,13.2,7,8,53,38.9,6,0,3,2.2,16,1,16,6,3,18,13,0,2_KHO_BANGHI/BrightPsycho/20260719_Why_Don_t_We_Eat_Crocodile_Meat_.txt
Why Can't We Drink Predator Milk?,BrightPsycho,"32,044",1575,151,10.4,10:18,152,33,21.0,5,9,47,29.8,5,0,26,16.5,7,4,11,9,7,29,28,0,2_KHO_BANGHI/BrightPsycho/20260721_Why_Can_t_We_Drink_Predator_Milk_.txt
Why Don't We Drink Animal Blood?,BrightPsycho,"1,596",1568,142,11.0,10:55,144,22,14.0,8,9,38,24.2,3,0,7,4.5,11,1,4,8,4,20,16,0,2_KHO_BANGHI/BrightPsycho/20260722_Why_Don_t_We_Drink_Animal_Blood_.txt
Why Don't Predators Eat Other Predators?,BrightPsycho,"161,520",1465,162,9.0,9:39,152,56,38.2,4,10,32,21.8,2,0,15,10.2,8,0,21,12,5,24,26,0,2_KHO_BANGHI/BrightPsycho/20260724_Why_Don_t_Predators_Eat_Other_Predators_.txt
Why Don't We Eat Most Ocean Fish?,BrightPsycho,"36,920",1266,118,10.7,8:34,148,6,4.7,11,5,40,31.6,4,0,21,16.6,8,1,11,7,3,21,20,0,2_KHO_BANGHI/BrightPsycho/20260725_Why_Don_t_We_Eat_Most_Ocean_Fish_.txt
Why Humans Don't Eat Predator Meat ?,BrightPsycho,"21,236",1461,156,9.4,10:13,143,48,32.9,10,10,38,26.0,0,0,11,7.5,6,0,12,8,12,34,33,0,2_KHO_BANGHI/BrightPsycho/20260726_Why_Humans_Don_t_Eat_Predator_Meat_.txt
Why Do Predators Kill  Other's Babies ?,BrightPsycho,"1,551",1864,165,11.3,13:11,142,29,15.6,3,10,28,15.0,7,0,13,7.0,10,0,24,10,8,26,32,0,2_KHO_BANGHI/BrightPsycho/20260728_Why_Do_Predators_Kill_Other_s_Babies_.txt
Why Do We Eat Raw Fish But Avoid Raw Meat?,BrightPsycho,"46,706",1303,122,10.7,8:32,153,43,33.0,5,10,46,35.3,4,0,13,10.0,6,0,14,7,11,22,19,0,2_KHO_BANGHI/BrightPsycho/20260729_Why_Do_We_Eat_Raw_Fish_But_Avoid_Raw_Meat_.txt
Why Do Predators Swallow Meat Whole ?,BrightPsycho,"65,984",2088,181,11.5,13:04,160,51,24.4,8,10,76,36.4,9,1,15,7.2,1,2,21,12,3,35,22,0,2_KHO_BANGHI/BrightPsycho/20260730_Why_Do_Predators_Swallow_Meat_Whole_.txt
Why Do Humans Crave Spicy Foods ?,BrightPsycho,"5,641",1409,135,10.4,9:00,156,27,19.2,21,8,102,72.4,9,0,5,3.5,5,0,14,7,4,26,24,0,2_KHO_BANGHI/BrightPsycho/20260731_Why_Do_Humans_Crave_Spicy_Foods_.txt
Why Do People Eat Frogs But Never Toads?,BrightPsycho,"9,522",1372,136,10.1,9:29,144,23,16.8,4,9,44,32.1,4,0,21,15.3,13,0,11,4,4,21,20,0,2_KHO_BANGHI/BrightPsycho/20260802_Why_Do_People_Eat_Frogs_But_Never_Toads_.txt
Why Do We Eat Shrimp But Not Cockroaches ?,BrightPsycho,"3,051",2062,153,13.5,13:33,152,15,7.3,5,8,86,41.7,3,2,20,9.7,37,7,34,10,11,28,14,0,2_KHO_BANGHI/BrightPsycho/20260804_Why_Do_We_Eat_Shrimp_But_Not_Cockroaches_.txt
Why Don't Predators Attack Sleeping Prey ?,BrightPsycho,"3,436",1432,118,12.1,8:45,164,29,20.3,9,9,34,23.7,1,0,12,8.4,2,0,5,4,4,17,14,0,2_KHO_BANGHI/BrightPsycho/20260805_Why_Don_t_Predators_Attack_Sleeping_Prey_.txt
The Real Reason Humans Started Wearing Clothes,InkExplainer,"321,186",1289,99,13.0,6:43,191,13,10.1,10,7,43,33.4,32,0,12,9.3,5,1,27,7,0,19,7,0,2_KHO_BANGHI/InkExplainer/20260427_The_Real_Reason_Humans_Started_Wearing_Clothes.txt
what is The IKEA Effect.,InkExplainer,"6,972",764,69,11.1,4:09,184,3,3.9,64,2,51,66.8,2,7,11,14.4,6,1,3,3,0,13,6,0,2_KHO_BANGHI/InkExplainer/20260428_what_is_The_IKEA_Effect_.txt
What did Early Humans do when they got Sick,InkExplainer,"25,548",1415,116,12.2,8:03,175,28,19.8,8,9,26,18.4,12,0,14,9.9,7,0,9,3,2,20,8,0,2_KHO_BANGHI/InkExplainer/20260507_What_did_Early_Humans_do_when_they_got_Sick.txt
Why Life Speeds Up As You Get Older?,InkExplainer,"137,062",1694,146,11.6,9:03,186,2,1.2,43,2,112,66.1,2,3,25,14.8,9,2,11,5,1,38,14,0,2_KHO_BANGHI/InkExplainer/20260511_Why_Life_Speeds_Up_As_You_Get_Older_.txt
When Did Ancient Humans Start Drinking Alcohol?,InkExplainer,"770,747",1210,95,12.7,6:03,198,0,0.0,100,0,13,10.7,6,1,25,20.7,22,0,12,4,4,20,7,0,2_KHO_BANGHI/InkExplainer/20260516_When_Did_Ancient_Humans_Start_Drinking_Alcohol_.txt
Do Animals Know When Another Animal is a Baby?,InkExplainer,"196,188",1743,152,11.5,8:07,214,18,10.3,7,7,3,1.7,6,3,17,9.8,15,0,9,4,5,27,14,0,2_KHO_BANGHI/InkExplainer/20260526_Do_Animals_Know_When_Another_Animal_is_a_Baby_.txt
When Did Ancient Humans Started Smoking Weed?,InkExplainer,"247,555",1688,115,14.7,8:24,199,8,4.7,18,5,8,4.7,0,1,47,27.8,65,0,12,2,2,17,8,0,2_KHO_BANGHI/InkExplainer/20260605_When_Did_Ancient_Humans_Started_Smoking_Weed_.txt
Why Are We the Only Human Species Left? What happened to others...,InkExplainer,"884,194",1537,101,15.2,8:05,188,16,10.4,18,6,4,2.6,28,0,27,17.6,18,0,22,3,2,15,0,0,2_KHO_BANGHI/InkExplainer/20260614_Why_Are_We_the_Only_Human_Species_Left_What_happened_to_othe.txt
How Did Ancient Humans Travel the World?,InkExplainer,"657,575",2053,165,12.4,9:22,215,12,5.8,1,8,65,31.7,17,0,66,32.1,32,2,30,7,1,31,15,0,2_KHO_BANGHI/InkExplainer/20260623_How_Did_Ancient_Humans_Travel_the_World_.txt
What Did Ancient Humans Do When It Rained All Week?,InkExplainer,"1,101,989",2413,200,12.1,11:36,207,16,6.6,6,6,61,25.3,5,0,38,15.7,31,2,27,10,3,42,22,0,2_KHO_BANGHI/InkExplainer/20260703_What_Did_Ancient_Humans_Do_When_It_Rained_All_Week_.txt
The Disturbing Ways Ancient Humans Survived Winter,InkExplainer,"144,601",2550,189,13.5,11:30,221,36,14.1,2,10,84,32.9,16,1,26,10.2,10,3,15,13,2,44,19,0,2_KHO_BANGHI/InkExplainer/20260716_The_Disturbing_Ways_Ancient_Humans_Survived_Winter.txt
How Did Human Accidentally Invented Guns?,InkExplainer,"18,404",2725,214,12.7,12:47,212,12,4.4,8,7,59,21.7,5,4,61,22.4,28,0,14,7,3,60,15,0,2_KHO_BANGHI/InkExplainer/20260725_How_Did_Human_Accidentally_Invented_Guns_.txt
When Did Ancient Humans Start Smoking?,Mack,"1,694,495",3222,226,14.3,21:54,146,11,3.4,56,4,38,11.8,26,6,30,9.3,53,8,41,16,5,32,39,0,2_KHO_BANGHI/Mack/20260524_When_Did_Ancient_Humans_Start_Smoking_.txt
When Did Ancient Humans First Drink Alcohol?,Mack,"198,583",3702,263,14.1,25:15,146,24,6.5,4,9,25,6.8,29,3,59,15.9,71,2,36,8,8,39,39,0,2_KHO_BANGHI/Mack/20260527_When_Did_Ancient_Humans_First_Drink_Alcohol_.txt
How Did Ancient Humans Survive Without Medicine?,Mack,"190,209",3350,267,12.5,21:20,157,50,14.9,3,9,45,13.4,24,3,28,8.4,37,1,25,14,5,29,39,0,2_KHO_BANGHI/Mack/20260529_How_Did_Ancient_Humans_Survive_Without_Medicine_.txt
Why Did Ancient Humans Start Wearing Clothes?,Mack,"729,139",3208,248,12.9,20:05,159,34,10.6,18,9,46,14.3,71,14,39,12.2,25,0,46,10,17,33,53,0,2_KHO_BANGHI/Mack/20260531_Why_Did_Ancient_Humans_Start_Wearing_Clothes_.txt
What Did Ancient Humans Do All Day With No Jobs?,Mack,"325,315",3559,239,14.9,22:53,155,27,7.6,11,6,54,15.2,41,7,56,15.7,38,4,34,12,5,43,29,0,2_KHO_BANGHI/Mack/20260602_What_Did_Ancient_Humans_Do_All_Day_With_No_Jobs_.txt
Do Wild Animals Know When a Human Is Helping Them?,Mack,"502,631",3329,236,14.1,19:55,168,19,5.7,19,7,40,12.0,24,4,24,7.2,13,2,40,11,14,34,41,0,2_KHO_BANGHI/Mack/20260604_Do_Wild_Animals_Know_When_a_Human_Is_Helping_Them_.txt
How Did Ancient Humans Survive Predators?,Mack,"319,625",3483,278,12.5,21:48,160,99,28.4,5,10,65,18.7,39,3,41,11.8,14,0,33,8,5,23,48,0,2_KHO_BANGHI/Mack/20260607_How_Did_Ancient_Humans_Survive_Predators_.txt
Do Animals Know They're Alive?,Mack,"57,335",3107,271,11.5,17:18,180,11,3.5,29,5,48,15.4,42,24,21,6.8,13,1,49,23,36,49,46,0,2_KHO_BANGHI/Mack/20260608_Do_Animals_Know_They_re_Alive_.txt
How Did Ancient Women Handle Their Periods?,Mack,"561,229",3193,258,12.4,20:50,153,19,6.0,10,9,18,5.6,34,2,22,6.9,48,2,41,7,4,32,45,0,2_KHO_BANGHI/Mack/20260608_How_Did_Ancient_Women_Handle_Their_Periods_.txt
Do Animals Know When a Human is Sad?,Mack,"81,714",3278,293,11.2,21:52,150,11,3.4,6,5,98,29.9,34,6,28,8.5,9,3,31,11,11,39,70,0,2_KHO_BANGHI/Mack/20260609_Do_Animals_Know_When_a_Human_is_Sad_.txt
Did Ancient Humans Have a Private Life?,Mack,"148,974",3512,271,13.0,22:13,158,10,2.8,15,5,88,25.1,34,15,46,13.1,26,7,51,16,18,48,37,0,2_KHO_BANGHI/Mack/20260610_Did_Ancient_Humans_Have_a_Private_Life_.txt
Why Ancient Humans Went From Black to White?,Mack,"1,032,078",3269,249,13.1,22:20,146,19,5.8,3,8,41,12.5,19,4,48,14.7,23,1,26,10,8,40,35,0,2_KHO_BANGHI/Mack/20260611_Why_Ancient_Humans_Went_From_Black_to_White_.txt
What Did Ancient Humans Do With the Mentally Ill?,Mack,"164,311",3132,240,13.1,21:41,144,4,1.3,9,4,35,11.2,28,7,28,8.9,67,0,30,9,7,29,42,0,2_KHO_BANGHI/Mack/20260613_What_Did_Ancient_Humans_Do_With_the_Mentally_Ill_.txt
Why Are Animals Scared of Humans?,Mack,"495,688",3038,249,12.2,18:23,166,55,18.1,7,10,29,9.5,67,2,18,5.9,14,0,18,13,8,32,33,0,2_KHO_BANGHI/Mack/20260613_Why_Are_Animals_Scared_of_Humans_.txt
Why Did Your Baby Memories Disappear?,Mack,"237,674",3386,245,13.8,21:19,159,1,0.3,52,1,164,48.4,3,7,32,9.5,2,1,22,21,16,36,26,0,2_KHO_BANGHI/Mack/20260615_Why_Did_Your_Baby_Memories_Disappear_.txt
Could Ancient Humans Prevent Pregnancy?,Mack,"15,159",3215,153,21.0,21:43,148,7,2.2,5,4,5,1.6,7,2,18,5.6,45,0,29,1,2,13,5,0,2_KHO_BANGHI/Mack/20260617_Could_Ancient_Humans_Prevent_Pregnancy_.txt
What Animal Will Humans Domesticate Next?,Mack,"7,140",3021,266,11.4,17:58,168,3,1.0,2,3,20,6.6,35,14,29,9.6,21,3,31,15,13,31,51,0,2_KHO_BANGHI/Mack/20260619_What_Animal_Will_Humans_Domesticate_Next_.txt
Why Ancient Humans Would Have Died Without Animals?,Mack,"6,094",3114,273,11.4,20:48,149,32,10.3,4,8,77,24.7,9,2,34,10.9,37,2,25,9,11,38,68,0,2_KHO_BANGHI/Mack/20260620_Why_Ancient_Humans_Would_Have_Died_Without_Animals_.txt
What Are Your Final 60 Minutes Like?,Mack,"14,833",3056,201,15.2,19:08,160,48,15.7,5,10,24,7.9,7,0,23,7.5,5,2,33,10,2,25,24,0,2_KHO_BANGHI/Mack/20260621_What_Are_Your_Final_60_Minutes_Like_.txt
Did Ancient Humans Have One Partner?,Mack,"89,110",3339,172,19.4,22:42,148,17,5.1,5,4,14,4.2,12,0,38,11.4,6,0,21,4,3,16,2,0,2_KHO_BANGHI/Mack/20260622_Did_Ancient_Humans_Have_One_Partner_.txt
Did Autistic Traits Help Ancient Tribes?,Mack,"137,155",3290,214,15.4,20:00,165,28,8.5,7,8,33,10.0,33,3,38,11.6,3,3,32,10,7,41,18,0,2_KHO_BANGHI/Mack/20260624_Did_Autistic_Traits_Help_Ancient_Tribes_.txt
Why Did Ancient Humans Die Young?,Mack,"68,820",3222,123,26.2,22:04,146,52,16.1,8,10,4,1.2,13,0,57,17.7,18,1,25,8,3,12,2,0,2_KHO_BANGHI/Mack/20260625_Why_Did_Ancient_Humans_Die_Young_.txt
How Did Ancient Humans Punish Criminals?,Mack,"32,498",3811,205,18.6,26:04,147,22,5.8,2,8,45,11.8,5,0,34,8.9,27,0,16,4,1,17,22,2,2_KHO_BANGHI/Mack/20260627_How_Did_Ancient_Humans_Punish_Criminals_.txt
How Did Ancient Humans Handle Hunger?,Mack,"8,340",3192,99,32.2,21:20,151,43,13.5,1,8,9,2.8,11,0,20,6.3,4,4,25,5,3,18,1,0,2_KHO_BANGHI/Mack/20260628_How_Did_Ancient_Humans_Handle_Hunger_.txt
How Did Humans Invent Guns?,Mack,"451,251",3431,108,31.8,21:21,161,1,0.3,19,1,5,1.5,1,0,26,7.6,43,0,15,0,1,10,2,0,2_KHO_BANGHI/Mack/20260630_How_Did_Humans_Invent_Guns_.txt
Do Animals Treat Babies Differently?,Mack,"5,489",3640,163,22.3,24:48,148,21,5.8,2,8,7,1.9,18,0,14,3.8,1,1,44,8,5,13,4,0,2_KHO_BANGHI/Mack/20260701_Do_Animals_Treat_Babies_Differently_.txt
Why Didn’t Ancient Humans Sleep Alone?,Mack,"25,000",3497,130,26.9,24:07,146,38,10.9,1,8,12,3.4,13,0,9,2.6,5,1,40,6,2,16,0,0,2_KHO_BANGHI/Mack/20260702_Why_Didn_t_Ancient_Humans_Sleep_Alone_.txt
Were Cavewomen Stronger Than We Think?,Mack,"9,951",3560,128,27.8,24:47,144,19,5.3,6,8,4,1.1,21,0,9,2.5,11,1,28,4,2,17,2,0,2_KHO_BANGHI/Mack/20260703_Were_Cavewomen_Stronger_Than_We_Think_.txt
Were Ancient Humans Attractive?,Mack,"30,277",3341,115,29.1,24:35,137,8,2.4,18,4,2,0.6,32,0,10,3.0,8,2,26,7,8,20,1,0,2_KHO_BANGHI/Mack/20260704_Were_Ancient_Humans_Attractive_.txt
What Was Black Life Like Through History?,Mack,"75,056",3276,135,24.3,23:28,140,5,1.5,20,3,0,0.0,3,0,31,9.5,110,1,14,4,1,5,7,0,2_KHO_BANGHI/Mack/20260705_What_Was_Black_Life_Like_Through_History_.txt
How Did Ancient Humans Travel So Far?,Mack,"48,989",3598,113,31.8,25:53,140,18,5.0,12,7,0,0.0,22,0,21,5.8,28,0,10,1,1,14,1,0,2_KHO_BANGHI/Mack/20260708_How_Did_Ancient_Humans_Travel_So_Far_.txt
How Did Humans Communicate Before Speech?,Mack,"37,685",3681,295,12.5,24:02,153,20,5.4,12,8,62,16.8,42,1,38,10.3,19,1,37,13,6,33,45,0,2_KHO_BANGHI/Mack/20260709_How_Did_Humans_Communicate_Before_Speech_.txt
Why Didn’t Ancient Humans Wash Their Hands?,Mack,"17,617",3319,131,25.3,22:46,146,10,3.0,18,6,7,2.1,3,0,21,6.3,31,0,25,2,2,15,4,0,2_KHO_BANGHI/Mack/20260712_Why_Didn_t_Ancient_Humans_Wash_Their_Hands_.txt
How Did Ancient Humans Survive Endless Rain?,Mack,"355,438",3795,269,14.1,24:45,154,56,14.8,2,10,28,7.4,29,3,24,6.3,16,7,33,5,3,17,32,0,2_KHO_BANGHI/Mack/20260713_How_Did_Ancient_Humans_Survive_Endless_Rain_.txt
Why Can Dogs Drink Dirty Water and Survive?,Mack,"10,826",3550,196,18.1,22:54,156,25,7.0,6,9,28,7.9,3,1,16,4.5,6,1,26,5,0,19,13,0,2_KHO_BANGHI/Mack/20260715_Why_Can_Dogs_Drink_Dirty_Water_and_Survive_.txt
Why Does Time Feel Faster as You Age?,Mack,"31,720",3487,207,16.8,23:15,149,1,0.3,49,1,54,15.5,2,1,44,12.6,5,5,17,3,1,16,12,0,2_KHO_BANGHI/Mack/20260716_Why_Does_Time_Feel_Faster_as_You_Age_.txt
How Did Ancient Women Give Birth Before Hospitals?,Mack,"4,588",3422,169,20.2,22:50,150,14,4.1,4,5,3,0.9,3,1,29,8.5,16,1,18,1,1,15,8,0,2_KHO_BANGHI/Mack/20260718_How_Did_Ancient_Women_Give_Birth_Before_Hospitals_.txt
Why Don’t We Drink Other Animals’ Milk?,Mack,"14,586",3343,186,18.0,22:28,149,6,1.8,26,4,8,2.4,7,1,32,9.6,44,4,11,2,6,16,10,0,2_KHO_BANGHI/Mack/20260718_Why_Don_t_We_Drink_Other_Animals_Milk_.txt
Did Ancient Humans Kill the Other Human Species?,Mack,"18,775",3465,191,18.1,23:24,148,23,6.6,4,9,9,2.6,35,1,34,9.8,38,1,44,6,3,23,9,0,2_KHO_BANGHI/Mack/20260719_Did_Ancient_Humans_Kill_the_Other_Human_Species_.txt
Did Cats Actually Domesticate Humans?,Mack,"9,471",3225,188,17.2,20:58,154,15,4.7,5,6,14,4.3,3,1,12,3.7,15,5,23,5,5,20,16,0,2_KHO_BANGHI/Mack/20260721_Did_Cats_Actually_Domesticate_Humans_.txt
Why Don’t Wild Wolves Attack Us?,Mack,"3,879",3537,299,11.8,23:51,148,68,19.2,3,10,22,6.2,22,1,29,8.2,11,1,42,3,7,12,36,0,2_KHO_BANGHI/Mack/20260722_Why_Don_t_Wild_Wolves_Attack_Us_.txt
Why Didn’t Ancient Humans Need Exercise?,Mack,"5,807",3212,173,18.6,22:11,145,24,7.5,3,8,10,3.1,1,1,19,5.9,5,3,13,1,1,15,9,0,2_KHO_BANGHI/Mack/20260723_Why_Didn_t_Ancient_Humans_Need_Exercise_.txt
What Was History’s Most Terrifying Disease?,Mack,"20,068",3359,287,11.7,23:36,142,69,20.5,0,10,19,5.7,1,1,39,11.6,17,1,46,3,1,16,39,0,2_KHO_BANGHI/Mack/20260725_What_Was_History_s_Most_Terrifying_Disease_.txt
Is Your Inner Voice Really You?,Mack,"38,738",3652,309,11.8,23:58,153,6,1.6,24,4,88,24.1,4,5,23,6.3,9,4,37,2,5,27,37,0,2_KHO_BANGHI/Mack/20260726_Is_Your_Inner_Voice_Really_You_.txt
What Happens When You Become Conscious Inside a Dream?,Mack,"19,181",3525,308,11.4,21:45,162,19,5.4,5,7,89,25.2,1,4,18,5.1,4,13,53,3,6,22,31,0,2_KHO_BANGHI/Mack/20260727_What_Happens_When_You_Become_Conscious_Inside_a_Dream_.txt
How Did the Other 6 Civilizations Disappear?,Mack,"6,216",3429,291,11.8,25:53,132,16,4.7,2,6,3,0.9,18,1,34,9.9,49,2,38,6,4,22,39,0,2_KHO_BANGHI/Mack/20260729_How_Did_the_Other_6_Civilizations_Disappear_.txt
Why Did Ancient Humans Become Parents at 12?,Mack,"13,910",3334,163,20.5,21:31,155,19,5.7,7,7,5,1.5,3,1,50,15.0,7,1,29,0,0,21,8,0,2_KHO_BANGHI/Mack/20260730_Why_Did_Ancient_Humans_Become_Parents_at_12_.txt
Did Ancient Humans Reproduce With Family Members?,Mack,"6,078",3654,332,11.0,26:42,137,14,3.8,23,7,7,1.9,6,1,45,12.3,27,4,41,2,5,21,43,0,2_KHO_BANGHI/Mack/20260731_Did_Ancient_Humans_Reproduce_With_Family_Members_.txt
Why Do Humans Mostly Drink Cow’s Milk?,Mack,"4,401",3757,325,11.6,26:49,140,13,3.5,1,8,2,0.5,5,1,9,2.4,32,6,27,1,2,21,25,0,2_KHO_BANGHI/Mack/20260801_Why_Do_Humans_Mostly_Drink_Cow_s_Milk_.txt
Why Do Some of Us Have Almond-Shaped Eyes?,Mack,"5,984",3436,289,11.9,24:12,143,5,1.5,44,3,5,1.5,20,1,32,9.3,12,3,42,7,6,22,24,0,2_KHO_BANGHI/Mack/20260802_Why_Do_Some_of_Us_Have_Almond_Shaped_Eyes_.txt
What’s the Smallest Human Population Needed to Repopulate Earth?,Mack,"17,895",3658,286,12.8,25:39,140,25,6.8,13,9,2,0.5,4,1,132,36.1,10,1,71,4,6,19,30,0,2_KHO_BANGHI/Mack/20260804_What_s_the_Smallest_Human_Population_Needed_to_Repopulate_Ea.txt
How Did Vikings Stay Warm on Freezing Ships?,Mack,"8,056",3522,299,11.8,23:20,151,27,7.7,6,10,6,1.7,4,1,19,5.4,22,1,17,1,3,18,38,0,2_KHO_BANGHI/Mack/20260805_How_Did_Vikings_Stay_Warm_on_Freezing_Ships_.txt
How Did Ancient Women Manage Their Periods?,Mogo,"3,073",3668,215,17.1,24:04,153,14,3.8,21,4,31,8.5,12,0,21,5.7,33,3,41,4,3,39,29,0,2_KHO_BANGHI/Mogo/20260615_How_Did_Ancient_Women_Manage_Their_Periods_.txt
When Did Ancient Humans Actually Start Smoking?,Mogo,"32,236",3501,252,13.9,21:45,160,4,1.1,60,3,16,4.6,27,4,56,16.0,77,2,22,6,0,32,29,0,2_KHO_BANGHI/Mogo/20260616_When_Did_Ancient_Humans_Actually_Start_Smoking_.txt
How Did Ancient Humans Keep Their Kids Alive?,Mogo,"1,357",3198,223,14.3,21:05,152,33,10.3,6,8,25,7.8,29,2,31,9.7,4,2,31,10,7,34,23,0,2_KHO_BANGHI/Mogo/20260621_How_Did_Ancient_Humans_Keep_Their_Kids_Alive_.txt
Did Ancient Humans Smell Terrible?,Mogo,"4,302",3292,217,15.2,22:01,150,26,7.9,19,9,40,12.2,24,0,17,5.2,11,2,35,9,8,38,29,0,2_KHO_BANGHI/Mogo/20260623_Did_Ancient_Humans_Smell_Terrible_.txt
Why Do Ancient Humans Have Different Blood Types?,Mogo,"91,302",3885,249,15.6,27:08,143,47,12.1,8,10,62,16.0,13,1,64,16.5,58,1,29,9,7,27,30,0,2_KHO_BANGHI/Mogo/20260627_Why_Do_Ancient_Humans_Have_Different_Blood_Types_.txt
How Did Ancient Humans Treat Disease?,Mogo,"2,363",3240,138,23.5,22:18,145,25,7.7,1,10,7,2.2,13,0,33,10.2,30,0,30,8,2,22,6,0,2_KHO_BANGHI/Mogo/20260628_How_Did_Ancient_Humans_Treat_Disease_.txt
How Did Ancient Humans Survive Endless Rain?,Mogo,"158,328",3680,110,33.5,24:13,152,26,7.1,5,8,6,1.6,7,0,25,6.8,38,0,31,7,2,13,3,0,2_KHO_BANGHI/Mogo/20260629_How_Did_Ancient_Humans_Survive_Endless_Rain_.txt
How Did Tribes Punish Their Worst Members?,Mogo,"3,302",3493,117,29.9,24:17,145,30,8.6,7,9,8,2.3,11,0,16,4.6,12,1,18,5,3,15,2,0,2_KHO_BANGHI/Mogo/20260630_How_Did_Tribes_Punish_Their_Worst_Members_.txt
Why Do Animals Save Humans?,Mogo,"115,559",3393,155,21.9,22:20,153,38,11.2,3,9,9,2.7,30,1,12,3.5,4,1,35,14,0,19,6,0,2_KHO_BANGHI/Mogo/20260701_Why_Do_Animals_Save_Humans_.txt
Why Did 95% Of Ancient Men Disappear?,Mogo,702,3535,93,38.0,24:26,145,13,3.7,6,7,14,4.0,6,0,42,11.9,22,0,38,4,2,9,0,0,2_KHO_BANGHI/Mogo/20260702_Why_Did_95_Of_Ancient_Men_Disappear_.txt
Where Are You When You Dream?,Mogo,567,3205,101,31.7,20:50,155,18,5.6,1,10,133,41.5,3,0,11,3.4,9,5,14,9,4,12,7,0,2_KHO_BANGHI/Mogo/20260703_Where_Are_You_When_You_Dream_.txt
Why Did Ancient Humans Marry So Young?,Mogo,"2,458",3338,109,30.6,24:35,137,13,3.9,1,6,2,0.6,10,0,17,5.1,7,0,13,4,1,14,0,0,2_KHO_BANGHI/Mogo/20260705_Why_Did_Ancient_Humans_Marry_So_Young_.txt
Do Insects Know They Exist?,Mogo,"5,237",3362,132,25.5,24:36,138,9,2.7,14,4,2,0.6,21,0,12,3.6,0,0,42,8,3,22,7,0,2_KHO_BANGHI/Mogo/20260706_Do_Insects_Know_They_Exist_.txt
Do Animal Feel Time Differently?,Mogo,"2,952",3392,109,31.1,23:03,148,9,2.7,15,6,13,3.8,16,4,24,7.1,2,1,42,4,4,13,1,0,2_KHO_BANGHI/Mogo/20260711_Do_Animal_Feel_Time_Differently_.txt
How Did Ancient Humans Survive Winter?,Mogo,"2,713",3518,122,28.8,24:23,145,39,11.1,2,9,1,0.3,11,0,14,4.0,15,3,23,0,3,11,0,0,2_KHO_BANGHI/Mogo/20260712_How_Did_Ancient_Humans_Survive_Winter_.txt
Why Don’t We Eat Other Animal Eggs?,Mogo,"368,082",3170,170,18.6,20:05,158,1,0.3,75,1,9,2.8,9,1,30,9.5,25,2,19,7,4,21,5,0,2_KHO_BANGHI/Mogo/20260714_Why_Don_t_We_Eat_Other_Animal_Eggs_.txt
Why Didn’t Ancient Humans Exercise?,Mogo,"2,312",3366,220,15.3,23:56,141,26,7.7,7,9,21,6.2,9,1,13,3.9,9,5,18,6,2,20,25,0,2_KHO_BANGHI/Mogo/20260715_Why_Didn_t_Ancient_Humans_Exercise_.txt
How Did Ancient Humans Handle Death?,Mogo,"5,926",3490,268,13.0,22:49,153,81,23.2,0,10,22,6.3,32,1,30,8.6,19,1,53,11,3,33,34,0,2_KHO_BANGHI/Mogo/20260716_How_Did_Ancient_Humans_Handle_Death_.txt
How Did Humans Survive Before Houses?,Mogo,"4,682",3212,164,19.6,21:40,148,40,12.5,2,9,3,0.9,1,1,32,10.0,15,1,23,2,6,23,8,0,2_KHO_BANGHI/Mogo/20260718_How_Did_Humans_Survive_Before_Houses_.txt
Why Did Ancient Humans Sleep On Rocks?,Mogo,"3,628",3414,109,31.3,24:11,142,12,3.5,2,8,3,0.9,25,1,9,2.6,6,2,25,2,2,13,2,0,2_KHO_BANGHI/Mogo/20260718_Why_Did_Ancient_Humans_Sleep_On_Rocks_.txt
How Did Wild Cats Become Human Pets?,Mogo,"9,484",3316,187,17.7,21:52,151,25,7.5,3,9,14,4.2,2,1,26,7.8,38,3,23,0,1,19,11,0,2_KHO_BANGHI/Mogo/20260719_How_Did_Wild_Cats_Become_Human_Pets_.txt
Why Can’t You Remember Being a Baby?,Mogo,"9,306",3289,191,17.2,22:26,147,5,1.5,47,3,41,12.5,2,1,36,10.9,12,1,38,2,1,24,21,0,2_KHO_BANGHI/Mogo/20260725_Why_Can_t_You_Remember_Being_a_Baby_.txt
Why Do You Keep Waking Up at 3AM?,Mogo,380,3444,219,15.7,21:42,159,20,5.8,4,9,43,12.5,1,1,128,37.2,5,3,20,1,0,12,25,0,2_KHO_BANGHI/Mogo/20260726_Why_Do_You_Keep_Waking_Up_at_3AM_.txt
Why Do Humans Forget Their Dreams?,Mogo,277,3501,314,11.1,25:04,140,15,4.3,12,7,66,18.9,1,2,26,7.4,3,8,46,2,5,14,43,0,2_KHO_BANGHI/Mogo/20260727_Why_Do_Humans_Forget_Their_Dreams_.txt
Do Wild Animals See Humans As Weak?,Mogo,"35,817",3349,310,10.8,22:52,146,88,26.3,0,10,42,12.5,22,4,19,5.7,8,3,48,1,7,10,34,0,2_KHO_BANGHI/Mogo/20260729_Do_Wild_Animals_See_Humans_As_Weak_.txt
How Did Ancient Humans Use the Bathroom?,Mogo,"7,619",3881,339,11.4,28:15,137,17,4.4,4,8,7,1.8,6,1,23,5.9,28,1,47,3,6,12,32,0,2_KHO_BANGHI/Mogo/20260731_How_Did_Ancient_Humans_Use_the_Bathroom_.txt
Why Did Humans Stop Eating Animal Organs?,Mogo,"5,522",3664,346,10.6,27:30,134,14,3.8,8,8,2,0.5,12,1,15,4.1,22,8,22,1,1,18,47,0,2_KHO_BANGHI/Mogo/20260801_Why_Did_Humans_Stop_Eating_Animal_Organs_.txt
"What Did Ancient Humans Do During the 100,000 Missing Years?",Mogo,"18,917",3282,183,17.9,22:23,145,13,4.0,2,8,3,0.9,23,1,46,14.0,28,1,37,2,0,22,22,0,2_KHO_BANGHI/Mogo/20260802_What_Did_Ancient_Humans_Do_During_the_100_000_Missing_Years_.txt
How Did Humans First Discover Alcohol?,Mogo,"2,731",3546,330,10.7,26:08,136,14,3.9,7,7,4,1.1,11,1,20,5.6,19,1,50,2,7,18,42,0,2_KHO_BANGHI/Mogo/20260803_How_Did_Humans_First_Discover_Alcohol_.txt
What Dumb Skill Made Ancient Humans So Dangerous?,Mogo,"2,382",3364,175,19.2,21:57,153,43,12.8,1,9,4,1.2,3,1,32,9.5,15,1,22,2,0,15,13,0,2_KHO_BANGHI/Mogo/20260804_What_Dumb_Skill_Made_Ancient_Humans_So_Dangerous_.txt
How Did Ancient Humans Cross Oceans Without Ships?,Mogo,"1,121",3583,330,10.9,26:09,137,13,3.6,1,8,6,1.7,13,1,43,12.0,46,1,51,1,2,21,42,0,2_KHO_BANGHI/Mogo/20260805_How_Did_Ancient_Humans_Cross_Oceans_Without_Ships_.txt
What Did Ancient Humans Do After Drinking Alcohol?,MrHell,"1,719",837,71,11.8,4:23,190,5,6.0,39,2,46,55.0,9,2,15,17.9,11,0,2,1,8,6,7,0,2_KHO_BANGHI/MrHell/20260520_What_Did_Ancient_Humans_Do_After_Drinking_Alcohol_.txt
What Did Ancient Humans Really Do at Night?,MrHell,"419,883",1103,89,12.4,6:07,180,11,10.0,33,5,45,40.8,21,2,20,18.1,13,6,6,6,9,19,11,0,2_KHO_BANGHI/MrHell/20260522_What_Did_Ancient_Humans_Really_Do_at_Night_.txt
How Did Ancient Humans Actually Find Love?,MrHell,"4,235",1177,89,13.2,6:36,178,11,9.3,15,5,45,38.2,11,3,15,12.7,7,7,6,1,2,9,4,0,2_KHO_BANGHI/MrHell/20260526_How_Did_Ancient_Humans_Actually_Find_Love_.txt
How Did Ancient Humans Survive Sickness before Science?,MrHell,"3,204",1271,92,13.8,7:57,158,10,7.9,2,7,0,0.0,8,0,21,16.5,13,0,6,1,0,7,6,0,2_KHO_BANGHI/MrHell/20260601_How_Did_Ancient_Humans_Survive_Sickness_before_Science_.txt
What Ancient Humans Did When Someone Died,MrHell,"3,268",885,76,11.6,5:21,163,20,22.6,1,10,7,7.9,10,0,28,31.6,9,0,17,1,10,15,11,0,2_KHO_BANGHI/MrHell/20260605_What_Ancient_Humans_Did_When_Someone_Died.txt
"What Happens if You Break the Law 50,000 Years Ago?",MrHell,"1,755",1100,67,16.4,6:13,176,17,15.5,16,7,15,13.6,9,0,14,12.7,14,1,6,2,5,10,1,0,2_KHO_BANGHI/MrHell/20260609_What_Happens_if_You_Break_the_Law_50_000_Years_Ago_.txt
How Did Ancient Humans Survive Ancient Dentistry?,MrHell,"1,509",1718,137,12.5,9:37,179,7,4.1,8,4,9,5.2,9,0,18,10.5,7,0,19,1,0,15,9,0,2_KHO_BANGHI/MrHell/20260613_How_Did_Ancient_Humans_Survive_Ancient_Dentistry_.txt
How Did Ancient Humans Accidentally Create Dogs?,MrHell,"1,268",2606,226,11.5,14:53,174,6,2.3,14,5,19,7.3,41,6,49,18.8,24,0,26,11,9,33,27,0,2_KHO_BANGHI/MrHell/20260621_How_Did_Ancient_Humans_Accidentally_Create_Dogs_.txt
What Did Ancient Humans Hide In Your DNA?,MrHell,"2,165",1558,103,15.1,9:07,166,11,7.1,40,5,39,25.0,45,0,65,41.7,30,3,8,1,2,14,5,0,2_KHO_BANGHI/MrHell/20260625_What_Did_Ancient_Humans_Hide_In_Your_DNA_.txt
"Why Ancient Humans Never Felt ""Lazy""?",MrHell,"1,806",1752,151,11.6,9:22,187,19,10.8,8,8,146,83.3,19,7,29,16.6,16,10,10,6,9,25,24,2,2_KHO_BANGHI/MrHell/20260701_Why_Ancient_Humans_Never_Felt_Lazy_.txt
How Ancient Humans Survived Every Apex Predators?,Myrk,"27,895",2420,275,8.8,14:02,170,61,25.2,7,10,27,11.2,73,0,84,34.7,29,0,7,6,1,23,66,0,2_KHO_BANGHI/Myrk/20260522_How_Ancient_Humans_Survived_Every_Apex_Predators_.txt
What Do Animals Think About Humans?,Myrk,"11,008",1633,165,9.9,8:43,187,23,14.1,1,8,42,25.7,47,4,7,4.3,6,0,25,5,16,16,28,0,2_KHO_BANGHI/Myrk/20260526_What_Do_Animals_Think_About_Humans_.txt
Why Do Humans Have Different Skin Colors?,Myrk,"4,689",1192,128,9.3,6:58,171,25,21.0,2,8,15,12.6,7,0,10,8.4,8,0,1,5,3,22,29,0,2_KHO_BANGHI/Myrk/20260527_Why_Do_Humans_Have_Different_Skin_Colors_.txt
Why Did Humans Start Cooking Everything?,Myrk,"40,603",1287,112,11.5,6:58,184,27,21.0,1,10,61,47.4,2,0,14,10.9,5,1,11,6,3,16,13,0,2_KHO_BANGHI/Myrk/20260531_Why_Did_Humans_Start_Cooking_Everything_.txt
Why are animals afraid of humans?,Myrk,"337,806",2493,259,9.6,14:24,173,66,26.5,2,10,24,9.6,62,1,27,10.8,8,1,29,5,3,22,55,0,2_KHO_BANGHI/Myrk/20260603_Why_are_animals_afraid_of_humans_.txt
How did ancient humans survive DEADLIEST winter?,Myrk,"4,759",1544,163,9.5,9:27,163,36,23.3,3,10,37,24.0,3,1,16,10.4,6,2,11,7,4,32,29,0,2_KHO_BANGHI/Myrk/20260611_How_did_ancient_humans_survive_DEADLIEST_winter_.txt
Do Animals Remember Humans Who Saved Them?,Myrk,"1,441",3238,321,10.1,18:34,174,27,8.3,1,10,6,1.9,24,0,28,8.6,11,0,58,4,14,64,52,0,2_KHO_BANGHI/Myrk/20260620_Do_Animals_Remember_Humans_Who_Saved_Them_.txt
Why Did Humans Start Cooking Food?,Myrk,"3,838",1942,163,11.9,11:32,168,27,13.9,9,9,18,9.3,7,0,12,6.2,3,2,11,2,5,24,19,0,2_KHO_BANGHI/Myrk/20260705_Why_Did_Humans_Start_Cooking_Food_.txt
Why Can't Wild Animals Attack Sleeping Humans?,Myrk,"2,780",2044,203,10.1,13:03,157,81,39.6,4,10,12,5.9,30,2,17,8.3,4,0,30,1,8,30,31,0,2_KHO_BANGHI/Myrk/20260712_Why_Can_t_Wild_Animals_Attack_Sleeping_Humans_.txt
What Did Ancient Humans Do When It's Wouldn't Stop Raining?,Myrk,749,2178,164,13.3,13:25,163,22,10.1,4,9,7,3.2,7,0,7,3.2,4,0,19,0,3,27,9,0,2_KHO_BANGHI/Myrk/20260714_What_Did_Ancient_Humans_Do_When_It_s_Wouldn_t_Stop_Raining_.txt
Why Humans Can't Eat Predator Meat?,Myrk,"1,305",2069,184,11.2,12:11,170,53,25.6,3,10,17,8.2,8,1,24,11.6,11,2,18,2,14,25,17,0,2_KHO_BANGHI/Myrk/20260715_Why_Humans_Can_t_Eat_Predator_Meat_.txt
How Humans Became The Ultimate Predators,Myrk,226,2377,228,10.4,12:18,193,68,28.6,0,10,19,8.0,9,0,20,8.4,6,0,13,1,5,33,36,0,2_KHO_BANGHI/Myrk/20260725_How_Humans_Became_The_Ultimate_Predators.txt
Which Fish Did Human Evolve from?,Myrk,31,1990,219,9.1,11:23,175,35,17.6,1,10,56,28.1,12,0,34,17.1,10,0,19,2,2,32,32,0,2_KHO_BANGHI/Myrk/20260728_Which_Fish_Did_Human_Evolve_from_.txt
Why Humans Can’t Eat Raw Meat?,Myrk,"4,664",1652,170,9.7,9:04,182,43,26.0,4,10,20,12.1,22,0,10,6.1,1,1,17,2,2,24,26,0,2_KHO_BANGHI/Myrk/20260729_Why_Humans_Can_t_Eat_Raw_Meat_.txt
Why predators never eat other predators ?,Myrk,61,2521,304,8.3,15:11,166,97,38.5,3,10,44,17.5,19,2,38,15.1,3,2,15,2,15,39,63,0,2_KHO_BANGHI/Myrk/20260802_Why_predators_never_eat_other_predators_.txt
How Humans Learned to Speak?,Myrk,221,3073,278,11.1,19:46,155,24,7.8,3,9,40,13.0,18,7,47,15.3,12,0,44,4,10,38,21,0,2_KHO_BANGHI/Myrk/20260803_How_Humans_Learned_to_Speak_.txt
why can't Humans drink other animal's milk?,Myrk,47,2967,293,10.1,18:09,164,37,12.5,5,9,13,4.4,7,3,22,7.4,5,2,15,3,12,36,40,0,2_KHO_BANGHI/Myrk/20260806_why_can_t_Humans_drink_other_animal_s_milk_.txt
Why You Can't Tickle Yourself?,NeonRush,299,1520,121,12.6,8:03,189,4,2.6,19,4,77,50.7,5,2,10,6.6,8,1,16,5,1,19,10,0,2_KHO_BANGHI/NeonRush/20260523_Why_You_Can_t_Tickle_Yourself_.txt
Why Humans Take Forever to Grow Up?,NeonRush,255,1577,129,12.2,9:26,167,6,3.8,2,4,7,4.4,8,0,28,17.8,1,5,11,5,6,16,11,0,2_KHO_BANGHI/NeonRush/20260526_Why_Humans_Take_Forever_to_Grow_Up_.txt
Why Do Humans have different Races?,NeonRush,208,1672,140,11.9,10:08,164,4,2.4,91,1,25,15.0,6,0,19,11.4,14,1,17,10,4,19,15,0,2_KHO_BANGHI/NeonRush/20260530_Why_Do_Humans_have_different_Races_.txt
How Did Humans End Up in Australia?,NeonRush,"12,587",3482,245,14.2,21:17,161,14,4.0,2,6,4,1.1,28,1,75,21.5,57,0,48,11,1,17,27,0,2_KHO_BANGHI/NeonRush/20260615_How_Did_Humans_End_Up_in_Australia_.txt
The Rarest Human Who Could Ever Exist!,NeonRush,"1,164",2675,188,14.2,14:29,181,7,2.6,4,5,42,15.7,28,4,125,46.7,36,1,44,14,2,16,13,0,2_KHO_BANGHI/NeonRush/20260619_The_Rarest_Human_Who_Could_Ever_Exist_.txt
Why Ancient Humans Needed Wolves to Survive?,NeonRush,"1,547",3396,216,15.7,18:23,183,42,12.4,1,10,63,18.6,22,0,61,18.0,49,0,37,12,7,33,21,0,2_KHO_BANGHI/NeonRush/20260622_Why_Ancient_Humans_Needed_Wolves_to_Survive_.txt
Why It's Better to Be Prey Than a Predator?,NeonRush,307,4487,387,11.6,28:39,154,135,30.1,3,10,47,10.5,49,0,168,37.4,70,1,60,15,7,57,59,0,2_KHO_BANGHI/NeonRush/20260625_Why_It_s_Better_to_Be_Prey_Than_a_Predator_.txt
How Ancient Humans Found Water?,NeonRush,827,2855,197,14.5,17:00,166,15,5.3,3,8,49,17.2,12,2,74,25.9,104,1,30,13,2,27,20,0,2_KHO_BANGHI/NeonRush/20260629_How_Ancient_Humans_Found_Water_.txt
Why Do Animals Remember Humans for Years?,NeonRush,190,3207,217,14.8,19:30,164,20,6.2,16,7,17,5.3,6,0,52,16.2,54,0,17,8,3,39,19,0,2_KHO_BANGHI/NeonRush/20260704_Why_Do_Animals_Remember_Humans_for_Years_.txt
How Humans Invented Guns?,NeonRush,"1,768",3684,270,13.6,21:32,169,18,4.9,12,8,28,7.6,14,0,90,24.4,82,0,37,12,3,36,34,0,2_KHO_BANGHI/NeonRush/20260707_How_Humans_Invented_Guns_.txt
Why Do Wild Animals Protect Human Children?,NeonRush,337,3712,281,13.2,24:36,151,27,7.3,6,10,9,2.4,15,3,51,13.7,52,0,36,11,3,40,40,0,2_KHO_BANGHI/NeonRush/20260713_Why_Do_Wild_Animals_Protect_Human_Children_.txt
How Did Ancient Humans Discover Beer?,NeonRush,"14,672",4840,331,14.6,27:40,174,21,4.3,2,9,67,13.8,20,11,90,18.6,120,3,51,11,10,43,43,0,2_KHO_BANGHI/NeonRush/20260717_How_Did_Ancient_Humans_Discover_Beer_.txt
How Did Humans Invent Bow and Arrow?,NeonRush,"84,503",3443,246,14.0,21:49,156,18,5.2,2,7,64,18.6,14,0,90,26.1,72,0,40,11,6,38,26,0,2_KHO_BANGHI/NeonRush/20260718_How_Did_Humans_Invent_Bow_and_Arrow_.txt
How Did Humans Invent Nukes?,NeonRush,"4,595",3568,230,15.5,19:08,184,9,2.5,55,5,27,7.6,7,1,117,32.8,105,1,38,8,2,26,20,0,2_KHO_BANGHI/NeonRush/20260719_How_Did_Humans_Invent_Nukes_.txt
How Did Humans Invent Boats?,NeonRush,"42,565",3381,213,15.9,20:38,163,10,3.0,1,6,52,15.4,13,6,63,18.6,79,0,28,7,4,37,13,0,2_KHO_BANGHI/NeonRush/20260721_How_Did_Humans_Invent_Boats_.txt
How Did Humans Invent Wheel?,NeonRush,"48,692",4405,272,16.2,23:13,188,11,2.5,31,5,45,10.2,12,0,106,24.1,105,5,51,13,4,41,17,0,2_KHO_BANGHI/NeonRush/20260722_How_Did_Humans_Invent_Wheel_.txt
How Did Humans Discover Fire?,NeonRush,"25,950",4571,266,17.2,26:46,170,32,7.0,3,10,45,9.8,29,1,46,10.1,91,8,43,8,2,37,27,0,2_KHO_BANGHI/NeonRush/20260723_How_Did_Humans_Discover_Fire_.txt
When Did Ancient Humans Start Eating Eggs?,NeonRush,"5,674",3948,230,17.2,20:34,190,11,2.8,5,6,47,11.9,12,1,85,21.5,62,4,46,9,3,34,12,0,2_KHO_BANGHI/NeonRush/20260723_When_Did_Ancient_Humans_Start_Eating_Eggs_.txt
How Did Humans Invent Swords?,NeonRush,"159,715",4048,278,14.6,26:26,151,11,2.7,9,7,46,11.4,4,1,101,25.0,114,3,41,7,2,46,27,0,2_KHO_BANGHI/NeonRush/20260724_How_Did_Humans_Invent_Swords_.txt
How Did Humans Invent Medicines?,NeonRush,"3,538",4884,380,12.9,33:15,144,44,9.0,1,9,43,8.8,10,2,151,30.9,170,2,43,11,6,47,58,0,2_KHO_BANGHI/NeonRush/20260725_How_Did_Humans_Invent_Medicines_.txt
How Did Humans Invent Spears?,NeonRush,"15,340",4616,296,15.6,28:45,159,43,9.3,5,8,77,16.7,23,1,116,25.1,68,0,39,11,4,42,32,0,2_KHO_BANGHI/NeonRush/20260726_How_Did_Humans_Invent_Spears_.txt
How Did Humans Invent the Boomerang?,NeonRush,"13,607",3845,225,17.1,23:41,161,8,2.1,9,4,47,12.2,1,1,83,21.6,57,0,20,6,3,32,16,0,2_KHO_BANGHI/NeonRush/20260727_How_Did_Humans_Invent_the_Boomerang_.txt
How Did Humans Invent Slavery?,NeonRush,"28,192",4838,345,14.0,31:48,150,19,3.9,2,7,37,7.6,5,1,117,24.2,188,3,43,10,4,37,41,0,2_KHO_BANGHI/NeonRush/20260728_How_Did_Humans_Invent_Slavery_.txt
How Did Humans Invent Whip?,NeonRush,"4,063",3833,257,14.9,24:09,157,12,3.1,5,7,55,14.3,4,1,82,21.4,72,0,40,9,8,46,25,0,2_KHO_BANGHI/NeonRush/20260729_How_Did_Humans_Invent_Whip_.txt
How Did Humans Invent Armor?,NeonRush,"34,952",4672,334,14.0,28:58,160,36,7.7,2,10,32,6.8,4,3,101,21.6,125,1,36,5,3,54,36,0,2_KHO_BANGHI/NeonRush/20260730_How_Did_Humans_Invent_Armor_.txt
How Did Humans Invent Sling?,NeonRush,"6,077",4180,270,15.5,26:30,156,23,5.5,4,10,40,9.6,12,0,93,22.2,93,1,44,11,2,37,28,0,2_KHO_BANGHI/NeonRush/20260730_How_Did_Humans_Invent_Sling_.txt
How Did Humans Invent Countries?,NeonRush,"124,545",4548,325,14.0,29:11,153,7,1.5,17,5,85,18.7,8,1,132,29.0,177,0,47,12,6,62,40,0,2_KHO_BANGHI/NeonRush/20260731_How_Did_Humans_Invent_Countries_.txt
How Did Humans Invent Animal Domestication?,NeonRush,"9,643",4516,346,13.1,27:05,166,34,7.5,11,8,39,8.6,17,0,86,19.0,81,0,52,13,7,61,50,0,2_KHO_BANGHI/NeonRush/20260802_How_Did_Humans_Invent_Animal_Domestication_.txt
How Did Humans Invent Bread?,NeonRush,"58,765",4105,272,15.1,24:08,169,16,3.9,4,8,48,11.7,10,1,79,19.2,106,0,41,16,4,30,26,0,2_KHO_BANGHI/NeonRush/20260803_How_Did_Humans_Invent_Bread_.txt
How Did Humans Invent Astronomy?,NeonRush,"7,710",4557,287,15.9,27:14,164,9,2.0,6,7,13,2.9,19,2,132,29.0,169,2,56,12,3,44,22,0,2_KHO_BANGHI/NeonRush/20260804_How_Did_Humans_Invent_Astronomy_.txt
How Did Humans Invent Shoes?,NeonRush,"19,297",3838,245,15.7,22:22,169,12,3.1,6,6,38,9.9,15,3,102,26.6,93,0,53,13,1,49,18,0,2_KHO_BANGHI/NeonRush/20260804_How_Did_Humans_Invent_Shoes_.txt
How Did Humans Invent War?,NeonRush,"38,337",4867,366,13.3,29:24,163,49,10.1,2,9,57,11.7,36,0,111,22.8,103,0,64,12,6,68,39,0,2_KHO_BANGHI/NeonRush/20260806_How_Did_Humans_Invent_War_.txt
How Did Humans Invent Axe?,NeonRush,"5,527",5028,313,16.1,31:08,160,9,1.8,4,6,68,13.5,15,3,107,21.3,142,1,53,12,2,46,20,0,2_KHO_BANGHI/NeonRush/20260807_How_Did_Humans_Invent_Axe_.txt
The Craziest Communication Methods Used by Ancient Humans,PaintItSimple,"6,471",1469,110,13.4,8:03,180,11,7.5,21,6,30,20.4,2,2,36,24.5,24,3,7,1,1,16,7,0,2_KHO_BANGHI/PaintItSimple/20260429_The_Craziest_Communication_Methods_Used_by_Ancient_Humans.txt
The CRAZIEST Survival Methods Used by Ancient Humans During Ice Age,PaintItSimple,"1,930,169",1489,112,13.3,9:22,157,7,4.7,4,4,25,16.8,5,0,34,22.8,21,5,8,4,3,15,8,0,2_KHO_BANGHI/PaintItSimple/20260501_The_CRAZIEST_Survival_Methods_Used_by_Ancient_Humans_During_.txt
What Did Ancient Humans Use to Hunt Giants?,PaintItSimple,"158,195",1667,107,15.6,9:29,174,19,11.4,6,8,12,7.2,11,0,41,24.6,24,2,4,2,2,14,7,0,2_KHO_BANGHI/PaintItSimple/20260506_What_Did_Ancient_Humans_Use_to_Hunt_Giants_.txt
How Did Ancient Humans Lose Their Dark Skin?,PaintItSimple,"291,240",1555,125,12.4,9:15,167,13,8.4,15,7,8,5.1,2,0,33,21.2,21,0,9,4,4,26,6,0,2_KHO_BANGHI/PaintItSimple/20260519_How_Did_Ancient_Humans_Lose_Their_Dark_Skin_.txt
How Did Ancient Humans Survive Deadly Winters?,PaintItSimple,"6,705",1532,91,16.8,8:33,178,16,10.4,16,6,37,24.2,6,0,20,13.1,19,1,16,2,1,15,1,0,2_KHO_BANGHI/PaintItSimple/20260614_How_Did_Ancient_Humans_Survive_Deadly_Winters_.txt
What Did Ancient Humans Do to Preserve Food?,PaintItSimple,"1,060",1690,95,17.8,8:58,188,17,10.1,3,9,10,5.9,3,0,16,9.5,15,7,9,3,2,13,0,0,2_KHO_BANGHI/PaintItSimple/20260710_What_Did_Ancient_Humans_Do_to_Preserve_Food_.txt
What Did Ancient Humans Do When They Met Other Human Species,PaintItSimple,"2,539",1509,114,13.2,8:36,173,11,7.3,5,6,16,10.6,12,0,57,37.8,36,0,16,3,0,22,8,0,2_KHO_BANGHI/PaintItSimple/20260712_What_Did_Ancient_Humans_Do_When_They_Met_Other_Human_Species.txt
How Did Ancient Humans Live Without Privacy?,PrimalGlitch,"4,742",1916,154,12.4,10:28,183,6,3.1,8,5,48,25.1,15,0,42,21.9,12,3,18,4,5,13,20,0,2_KHO_BANGHI/PrimalGlitch/20260506_How_Did_Ancient_Humans_Live_Without_Privacy_.txt
Why Evolution Left the Human Blueprint Unfinished?,PrimalGlitch,"22,571",2497,206,12.1,14:47,169,25,10.0,4,9,58,23.2,65,0,34,13.6,13,3,14,6,10,25,40,0,2_KHO_BANGHI/PrimalGlitch/20260522_Why_Evolution_Left_the_Human_Blueprint_Unfinished_.txt
What Scared Early Humans More Than Death?,PrimalGlitch,"9,210",2408,204,11.8,13:28,178,52,21.6,5,10,70,29.1,10,10,30,12.5,14,4,10,4,4,18,26,0,2_KHO_BANGHI/PrimalGlitch/20260526_What_Scared_Early_Humans_More_Than_Death_.txt
Why Ancient Humans Would've Died Without Dogs?,PrimalGlitch,"277,969",1680,131,12.8,8:48,190,30,17.9,2,10,28,16.7,31,0,30,17.9,3,0,11,5,2,7,20,0,2_KHO_BANGHI/PrimalGlitch/20260530_Why_Ancient_Humans_Would_ve_Died_Without_Dogs_.txt
How Cats Domesticated Ancient Humans (And Still Do),PrimalGlitch,"87,131",1701,140,12.2,9:30,179,8,4.7,15,7,23,13.5,6,0,16,9.4,5,0,23,4,3,20,18,0,2_KHO_BANGHI/PrimalGlitch/20260607_How_Cats_Domesticated_Ancient_Humans_And_Still_Do_.txt
Why Ancient Humans Died Young?,PrimalGlitch,"3,681",1474,140,10.5,7:56,185,44,29.9,1,10,13,8.8,1,0,28,19.0,3,0,8,5,1,9,21,0,2_KHO_BANGHI/PrimalGlitch/20260610_Why_Ancient_Humans_Died_Young_.txt
Were Ancient Humans Immune To Cancer?,PrimalGlitch,"2,611",1464,128,11.4,7:51,185,16,10.9,2,7,7,4.8,16,0,32,21.9,10,0,5,0,2,13,10,0,2_KHO_BANGHI/PrimalGlitch/20260614_Were_Ancient_Humans_Immune_To_Cancer_.txt
Why Wolves Chose Ancient Humans,PrimalGlitch,"120,046",1697,139,12.2,9:10,184,29,17.1,2,9,7,4.1,16,0,20,11.8,10,0,6,4,0,22,16,0,2_KHO_BANGHI/PrimalGlitch/20260617_Why_Wolves_Chose_Ancient_Humans.txt
Why Predators Never Attack Sleeping Humans,PrimalGlitch,"3,300",1719,126,13.6,9:09,187,43,25.0,1,9,38,22.1,16,1,30,17.5,11,1,9,5,3,13,15,0,2_KHO_BANGHI/PrimalGlitch/20260621_Why_Predators_Never_Attack_Sleeping_Humans.txt
How Ancient Humans Accidentally Invented Guns,PrimalGlitch,"1,190",1738,97,17.9,10:00,174,5,2.9,4,4,1,0.6,0,0,28,16.1,20,0,9,1,1,3,2,0,2_KHO_BANGHI/PrimalGlitch/20260705_How_Ancient_Humans_Accidentally_Invented_Guns.txt
How Ancient Humans Survived Deadly Ice Age Winters?,PrimalGlitch,"2,735",1632,97,16.8,7:48,209,31,19.0,3,9,20,12.3,7,0,23,14.1,6,1,21,2,5,16,8,0,2_KHO_BANGHI/PrimalGlitch/20260721_How_Ancient_Humans_Survived_Deadly_Ice_Age_Winters_.txt
Why Ancient Humans Couldn't Sleep Without Dogs?,PrimalGlitch,"37,939",1580,88,18.0,7:25,213,20,12.7,8,9,16,10.1,14,0,11,7.0,3,1,8,2,0,9,8,0,2_KHO_BANGHI/PrimalGlitch/20260730_Why_Ancient_Humans_Couldn_t_Sleep_Without_Dogs_.txt
Why Ancient Humans Couldn't Domesticate Zebras Like Horses?,PrimalGlitch,49,1395,85,16.4,7:12,192,9,6.5,11,7,5,3.6,5,0,30,21.5,25,1,5,3,1,10,5,0,2_KHO_BANGHI/PrimalGlitch/20260805_Why_Ancient_Humans_Couldn_t_Domesticate_Zebras_Like_Horses_.txt
The Terrifying Reason Humans Wear Clothes,Rune,991,1203,114,10.6,8:29,142,20,16.6,13,8,59,49.0,11,6,16,13.3,15,3,13,8,11,22,20,0,2_KHO_BANGHI/Rune/20260419_The_Terrifying_Reason_Humans_Wear_Clothes.txt
Why Does the Universe Have a Speed Limit?,Rune,"1,466",1199,159,7.5,9:49,121,0,0.0,100,0,43,35.9,1,2,24,20.0,9,0,3,12,6,21,57,0,2_KHO_BANGHI/Rune/20260421_Why_Does_the_Universe_Have_a_Speed_Limit_.txt
Why We Weren't Supposed to Drink Milk,Rune,370,1072,112,9.6,8:07,131,14,13.1,4,6,30,28.0,3,0,21,19.6,17,3,12,4,2,18,27,0,2_KHO_BANGHI/Rune/20260425_Why_We_Weren_t_Supposed_to_Drink_Milk.txt
What Did Ancient Humans Do When They Were Bored?,Rune,"142,867",1734,157,11.0,12:00,144,11,6.3,9,5,48,27.7,8,0,26,15.0,28,4,16,3,2,27,26,0,2_KHO_BANGHI/Rune/20260428_What_Did_Ancient_Humans_Do_When_They_Were_Bored_.txt
How Did Ancient Humans Actually Flirt?,Rune,"29,516",1834,148,12.4,12:18,149,1,0.5,52,1,50,27.3,9,4,22,12.0,19,4,10,2,1,16,31,0,2_KHO_BANGHI/Rune/20260508_How_Did_Ancient_Humans_Actually_Flirt_.txt
How Did Ancient Humans Actually Get High?,Rune,489,1948,140,13.9,13:46,141,1,0.5,36,1,28,14.4,5,0,28,14.4,30,1,13,4,1,16,14,0,2_KHO_BANGHI/Rune/20260519_How_Did_Ancient_Humans_Actually_Get_High_.txt
Why Ancient Humans Would Dominate the Modern Olympics,Rune,"2,305",1392,103,13.5,9:47,141,16,11.5,5,9,13,9.3,9,0,22,15.8,15,1,5,2,0,12,10,0,2_KHO_BANGHI/Rune/20260528_Why_Ancient_Humans_Would_Dominate_the_Modern_Olympics.txt
How Cats Slowly Conquered Humanity,Rune,95,1820,160,11.4,13:14,138,11,6.0,18,6,28,15.4,15,0,28,15.4,19,9,9,5,3,22,25,0,2_KHO_BANGHI/Rune/20260611_How_Cats_Slowly_Conquered_Humanity.txt
Did Ancient Humans Have Favorite Foods?,Rune,"1,765",1250,97,12.9,8:50,142,5,4.0,21,4,33,26.4,1,0,14,11.2,6,0,20,9,2,9,8,0,2_KHO_BANGHI/Rune/20260615_Did_Ancient_Humans_Have_Favorite_Foods_.txt
How Did Ancient Romans Actually Fall in Love?,Rune,153,1637,126,13.0,11:46,139,2,1.2,60,1,8,4.9,3,2,16,9.8,24,0,15,7,0,14,17,0,2_KHO_BANGHI/Rune/20260622_How_Did_Ancient_Romans_Actually_Fall_in_Love_.txt
What It Was Actually Like to Be a Roman Slave,Rune,809,846,54,15.7,5:38,149,3,3.5,22,3,49,57.9,1,4,10,11.8,10,0,10,3,0,5,7,0,2_KHO_BANGHI/Rune/20260626_What_It_Was_Actually_Like_to_Be_a_Roman_Slave.txt
Why Do We Actually Clap Our Hands?,Rune,48,1371,112,12.2,8:18,165,3,2.2,40,3,35,25.5,5,3,14,10.2,19,1,6,7,4,12,17,0,2_KHO_BANGHI/Rune/20260707_Why_Do_We_Actually_Clap_Our_Hands_.txt
How Ancient Humans Became Apex Predators,Rune,64,1556,112,13.9,9:18,166,42,27.0,2,10,21,13.5,30,0,19,12.2,7,0,13,4,1,9,13,0,2_KHO_BANGHI/Rune/20260714_How_Ancient_Humans_Became_Apex_Predators.txt
The Ancient Reason Loneliness Hurts So Much,SimplyAStickman,"1,695",1683,178,9.5,9:41,173,10,5.9,8,3,100,59.4,8,0,33,19.6,8,3,16,8,8,24,39,0,2_KHO_BANGHI/SimplyAStickman/20260505_The_Ancient_Reason_Loneliness_Hurts_So_Much.txt
Why You're Still Tired After Doing Nothing?,SimplyAStickman,417,1398,111,12.6,8:04,172,12,8.6,11,7,85,60.8,4,0,26,18.6,9,8,13,9,5,14,10,0,2_KHO_BANGHI/SimplyAStickman/20260506_Why_You_re_Still_Tired_After_Doing_Nothing_.txt
Why You Can't Stop Eating Even When You're Full? And Food Companies Kn,SimplyAStickman,171,1482,138,10.7,8:13,179,11,7.4,9,6,66,44.5,1,1,48,32.4,4,2,3,5,2,7,26,0,2_KHO_BANGHI/SimplyAStickman/20260507_Why_You_Can_t_Stop_Eating_Even_When_You_re_Full_And_Food_Com.txt
Why Your Best Ideas Only Appear After You Give Up?,SimplyAStickman,295,1481,150,9.9,8:18,178,2,1.4,31,2,67,45.2,2,0,29,19.6,11,1,6,9,2,15,32,0,2_KHO_BANGHI/SimplyAStickman/20260509_Why_Your_Best_Ideas_Only_Appear_After_You_Give_Up_.txt
Why Ancient People With ADHD Were Better Survivors,SimplyAStickman,"238,767",1533,138,11.1,8:52,172,6,3.9,7,5,19,12.4,8,0,26,17.0,11,0,11,8,1,13,23,0,2_KHO_BANGHI/SimplyAStickman/20260510_Why_Ancient_People_With_ADHD_Were_Better_Survivors.txt
"If Ancient Humans Faced Lions, Why Do Emails Feel So Scary?",SimplyAStickman,172,1518,142,10.7,9:05,165,10,6.6,2,6,51,33.6,12,0,26,17.1,11,3,17,8,2,18,27,0,2_KHO_BANGHI/SimplyAStickman/20260511_If_Ancient_Humans_Faced_Lions_Why_Do_Emails_Feel_So_Scary_.txt
Why Your Brain Keeps Breaking Focus?,SimplyAStickman,276,1348,122,11.0,8:03,166,12,8.9,25,6,66,49.0,6,0,32,23.7,11,14,13,3,4,14,16,0,2_KHO_BANGHI/SimplyAStickman/20260514_Why_Your_Brain_Keeps_Breaking_Focus_.txt
Why Social Media Exhausts You Even When You're Just Scrolling,SimplyAStickman,133,1197,99,12.1,6:50,173,8,6.7,33,5,56,46.8,2,0,28,23.4,14,10,6,8,0,10,23,0,2_KHO_BANGHI/SimplyAStickman/20260515_Why_Social_Media_Exhausts_You_Even_When_You_re_Just_Scrollin.txt
Why Your Brain Hates Missing Out?,SimplyAStickman,394,1686,179,9.4,9:25,178,5,3.0,3,4,80,47.4,2,0,34,20.2,10,10,14,5,1,16,33,0,2_KHO_BANGHI/SimplyAStickman/20260516_Why_Your_Brain_Hates_Missing_Out_.txt
Why Too Many Choices Exhaust You?,SimplyAStickman,426,1539,140,11.0,9:03,168,2,1.3,58,2,75,48.7,15,0,46,29.9,11,6,14,6,0,11,31,0,2_KHO_BANGHI/SimplyAStickman/20260517_Why_Too_Many_Choices_Exhaust_You_.txt
Why Ancient Humans Don't Burn Out But You Do?,SimplyAStickman,"2,918",1623,136,11.9,9:50,163,5,3.1,2,3,26,16.0,5,1,37,22.8,14,6,9,4,5,10,16,0,2_KHO_BANGHI/SimplyAStickman/20260518_Why_Ancient_Humans_Don_t_Burn_Out_But_You_Do_.txt
How Long Would It Take To Count To One Billion Out Loud?,SimplyAStickman,134,1463,115,12.7,8:44,159,0,0.0,100,0,57,39.0,6,3,120,82.0,12,2,17,4,2,5,19,0,2_KHO_BANGHI/SimplyAStickman/20260520_How_Long_Would_It_Take_To_Count_To_One_Billion_Out_Loud_.txt
What If You've Switched Off All The World's Electricity For One Second,SimplyAStickman,131,1707,155,11.0,9:48,170,0,0.0,100,0,19,11.1,10,8,67,39.3,8,22,14,3,4,16,35,0,2_KHO_BANGHI/SimplyAStickman/20260522_What_If_You_ve_Switched_Off_All_The_World_s_Electricity_For_.txt
What If Gravity Got 10% Lighter?,SimplyAStickman,493,1667,153,10.9,10:14,159,4,2.4,10,3,50,30.0,10,3,58,34.8,14,8,15,5,2,8,22,0,2_KHO_BANGHI/SimplyAStickman/20260523_What_If_Gravity_Got_10_Lighter_.txt
How ADHD Leaders Shaped History Through Hyperfocus,SimplyAStickman,"1,354",1510,153,9.9,9:13,162,4,2.6,1,3,9,6.0,9,0,31,20.5,22,2,14,4,2,11,33,0,2_KHO_BANGHI/SimplyAStickman/20260524_How_ADHD_Leaders_Shaped_History_Through_Hyperfocus.txt
Why We Might Not Last 24 Hours in A World Without Fear?,SimplyAStickman,122,1980,158,12.5,12:06,163,14,7.1,7,7,24,12.1,15,8,50,25.3,5,8,13,7,1,9,13,0,2_KHO_BANGHI/SimplyAStickman/20260525_Why_We_Might_Not_Last_24_Hours_in_A_World_Without_Fear_.txt
What If People With ADHD Runs The Modern World?,SimplyAStickman,"1,237",1928,135,14.3,11:37,165,0,0.0,100,0,22,11.4,8,3,36,18.7,8,7,11,5,4,20,18,0,2_KHO_BANGHI/SimplyAStickman/20260526_What_If_People_With_ADHD_Runs_The_Modern_World_.txt
Why Ancient Tribes Needed Autistic Minds?,SimplyAStickman,"62,292",1454,121,12.0,8:38,168,1,0.7,10,1,12,8.3,9,1,20,13.8,10,1,11,6,4,16,21,0,2_KHO_BANGHI/SimplyAStickman/20260527_Why_Ancient_Tribes_Needed_Autistic_Minds_.txt
What If We Dump Our Thrash Into Volcanos,SimplyAStickman,204,1639,141,11.6,10:10,157,3,1.8,46,3,9,5.5,42,6,65,39.7,18,2,20,6,1,11,26,0,2_KHO_BANGHI/SimplyAStickman/20260530_What_If_We_Dump_Our_Thrash_Into_Volcanos.txt
Why AuDHD Feels Like Two Brains Fighting?,SimplyAStickman,"7,337",1644,197,8.3,9:08,179,1,0.6,30,1,50,30.4,8,5,59,35.9,5,0,6,12,4,23,54,0,2_KHO_BANGHI/SimplyAStickman/20260531_Why_AuDHD_Feels_Like_Two_Brains_Fighting_.txt
Why So Many Brilliant People Have Dyslexia?,SimplyAStickman,781,1547,178,8.7,8:08,189,2,1.3,47,1,40,25.9,3,3,35,22.6,11,3,5,4,5,22,46,0,2_KHO_BANGHI/SimplyAStickman/20260604_Why_So_Many_Brilliant_People_Have_Dyslexia_.txt
Why Ancient Humans Needed Sensitive People?,SimplyAStickman,"2,282",1657,139,11.9,9:12,180,5,3.0,24,4,59,35.6,3,1,39,23.5,12,2,6,5,2,18,20,0,2_KHO_BANGHI/SimplyAStickman/20260605_Why_Ancient_Humans_Needed_Sensitive_People_.txt
The Reasons Autistic People Go Silent,SimplyAStickman,"1,942",1745,149,11.7,9:28,184,3,1.7,9,3,54,30.9,4,5,37,21.2,4,0,4,5,1,14,22,0,2_KHO_BANGHI/SimplyAStickman/20260607_The_Reasons_Autistic_People_Go_Silent.txt
Why Ancient Tribes Kept the People Who Heard Voices?,SimplyAStickman,466,1804,179,10.1,9:37,187,12,6.7,15,7,31,17.2,38,0,23,12.7,7,0,15,4,5,25,31,0,2_KHO_BANGHI/SimplyAStickman/20260610_Why_Ancient_Tribes_Kept_the_People_Who_Heard_Voices_.txt
Why Some Brains Wake Up After Dark?,SimplyAStickman,"1,131",1403,145,9.7,7:27,187,8,5.7,10,6,51,36.4,2,1,29,20.7,10,1,3,6,5,15,24,0,2_KHO_BANGHI/SimplyAStickman/20260612_Why_Some_Brains_Wake_Up_After_Dark_.txt
Why Your Brain Says No?,SimplyAStickman,372,2063,204,10.1,11:03,186,8,3.9,33,5,43,20.8,6,3,43,20.8,11,1,10,9,4,43,28,0,2_KHO_BANGHI/SimplyAStickman/20260614_Why_Your_Brain_Says_No_.txt
Why Autistic Mind Suddenly Shut Down And How We Can Support,SimplyAStickman,528,1909,196,9.7,10:25,183,32,16.8,2,10,31,16.2,1,3,48,25.1,9,3,7,3,5,22,36,0,2_KHO_BANGHI/SimplyAStickman/20260616_Why_Autistic_Mind_Suddenly_Shut_Down_And_How_We_Can_Support.txt
Why ADHD Brains Ignore Important Things?,SimplyAStickman,"1,450",1398,155,9.0,8:08,171,5,3.6,19,5,62,44.3,1,3,46,32.9,5,1,9,4,1,24,33,0,2_KHO_BANGHI/SimplyAStickman/20260619_Why_ADHD_Brains_Ignore_Important_Things_.txt
Why AuDHD Makes You Feel Stuck All The Time,SimplyAStickman,463,1956,223,8.8,10:41,182,14,7.2,44,6,147,75.2,0,4,74,37.8,4,14,2,7,7,39,40,0,2_KHO_BANGHI/SimplyAStickman/20260622_Why_AuDHD_Makes_You_Feel_Stuck_All_The_Time.txt
Why Schizoid People Seem Emotionless?,SimplyAStickman,272,2202,208,10.6,12:55,170,5,2.3,43,3,24,10.9,18,2,28,12.7,20,0,5,7,5,29,37,0,2_KHO_BANGHI/SimplyAStickman/20260624_Why_Schizoid_People_Seem_Emotionless_.txt
Why Do Autistic Mind Hide Who They Really Are?,SimplyAStickman,282,1278,143,8.9,7:20,174,2,1.6,43,2,57,44.6,0,4,23,18.0,3,1,9,3,9,22,31,0,2_KHO_BANGHI/SimplyAStickman/20260626_Why_Do_Autistic_Mind_Hide_Who_They_Really_Are_.txt
Why Your Brain Won't Let Go of Unfinished Events,SimplyAStickman,161,2064,196,10.5,11:43,177,2,1.0,24,2,130,63.0,1,0,32,15.5,11,1,10,8,6,33,31,0,2_KHO_BANGHI/SimplyAStickman/20260629_Why_Your_Brain_Won_t_Let_Go_of_Unfinished_Events.txt
Why You Aren't Lazy. Why Your Brain Just Can't Feel Time.,SimplyAStickman,117,1710,178,9.6,9:32,177,1,0.6,46,1,104,60.8,0,1,57,33.3,10,1,10,7,3,24,24,0,2_KHO_BANGHI/SimplyAStickman/20260703_Why_You_Aren_t_Lazy_Why_Your_Brain_Just_Can_t_Feel_Time_.txt
Why You Can't Stop Overthinking (Even When You Know What To Do),SimplyAStickman,216,2982,295,10.1,16:05,185,19,6.4,13,6,148,49.6,2,10,50,16.8,10,1,12,7,21,51,39,0,2_KHO_BANGHI/SimplyAStickman/20260705_Why_You_Can_t_Stop_Overthinking_Even_When_You_Know_What_To_D.txt
Stop Using Fidget Toys To Focus (Do This Instead),SimplyAStickman,131,1754,150,11.7,10:07,173,3,1.7,49,3,53,30.2,0,0,38,21.7,4,3,10,2,3,11,13,0,2_KHO_BANGHI/SimplyAStickman/20260707_Stop_Using_Fidget_Toys_To_Focus_Do_This_Instead_.txt
Why Ancient Humans Sabotaged Success And You Still Do,SimplyAStickman,239,2462,219,11.2,13:41,180,13,5.3,11,5,98,39.8,4,1,39,15.8,9,1,15,4,6,24,33,0,2_KHO_BANGHI/SimplyAStickman/20260711_Why_Ancient_Humans_Sabotaged_Success_And_You_Still_Do.txt
Why Ancient Humans Feared Rejection More Than Death,SimplyAStickman,111,2555,266,9.6,14:18,178,16,6.3,3,7,94,36.8,4,3,44,17.2,12,3,7,7,7,36,43,0,2_KHO_BANGHI/SimplyAStickman/20260714_Why_Ancient_Humans_Feared_Rejection_More_Than_Death.txt
"The Ancient Reason Why You See 1,001 Distractions Everyone Else Misses",SimplyAStickman,475,2431,218,11.2,13:52,175,2,0.8,17,2,86,35.4,7,1,44,18.1,17,3,9,8,5,28,41,0,2_KHO_BANGHI/SimplyAStickman/20260716_The_Ancient_Reason_Why_You_See_1_001_Distractions_Everyone_E.txt
"Stop Telling Me to ""Just Be Flexible"" (Autism Explained)",SimplyAStickman,171,2661,243,11.0,15:00,177,2,0.8,77,2,124,46.6,3,2,41,15.4,4,4,19,7,2,38,39,0,2_KHO_BANGHI/SimplyAStickman/20260718_Stop_Telling_Me_to_Just_Be_Flexible_Autism_Explained_.txt
Why You're Actually Best in a Crisis (ADHD Explained),SimplyAStickman,779,2113,182,11.6,11:48,179,5,2.4,53,3,77,36.4,2,2,38,18.0,5,8,10,6,2,23,24,0,2_KHO_BANGHI/SimplyAStickman/20260720_Why_You_re_Actually_Best_in_a_Crisis_ADHD_Explained_.txt
Why Ancient Tribes Depended On Autistic Women,SimplyAStickman,167,2083,173,12.0,11:42,177,11,5.3,4,6,30,14.4,7,0,62,29.8,11,1,11,7,4,25,21,0,2_KHO_BANGHI/SimplyAStickman/20260722_Why_Ancient_Tribes_Depended_On_Autistic_Women.txt
Why Autism In Women Go Unseen,SimplyAStickman,65,2511,209,12.0,13:52,181,5,2.0,31,4,41,16.3,0,3,52,20.7,6,4,12,4,1,38,27,0,2_KHO_BANGHI/SimplyAStickman/20260724_Why_Autism_In_Women_Go_Unseen.txt
Why Groups Reject Most Useful Member,SimplyAStickman,"3,367",2733,277,9.9,15:16,179,12,4.4,11,7,56,20.5,3,1,40,14.6,21,0,22,5,8,33,51,0,2_KHO_BANGHI/SimplyAStickman/20260727_Why_Groups_Reject_Most_Useful_Member.txt
Why You Hear Every Sound in the Room at Once,SimplyAStickman,85,2487,227,11.0,13:53,178,4,1.6,36,2,101,40.6,4,0,54,21.7,7,19,15,7,3,37,37,0,2_KHO_BANGHI/SimplyAStickman/20260729_Why_You_Hear_Every_Sound_in_the_Room_at_Once.txt
Stop Punishing Yourself for Changing Plan,SimplyAStickman,126,2174,205,10.6,11:55,182,8,3.7,38,4,97,44.6,1,2,46,21.2,7,4,16,3,1,37,29,0,2_KHO_BANGHI/SimplyAStickman/20260731_Stop_Punishing_Yourself_for_Changing_Plan.txt
Why Being Understood Feels Different,SimplyAStickman,105,1978,162,12.2,11:03,179,14,7.1,8,8,80,40.4,4,0,34,17.2,11,0,10,1,0,29,13,0,2_KHO_BANGHI/SimplyAStickman/20260803_Why_Being_Understood_Feels_Different.txt
Why Life Seems To Speed Up As We Age,SimplyAStickman,30,3789,309,12.3,21:26,175,5,1.3,16,4,163,43.0,1,1,97,25.6,15,6,13,5,1,57,32,0,2_KHO_BANGHI/SimplyAStickman/20260805_Why_Life_Seems_To_Speed_Up_As_We_Age.txt
How Did Ancient Humans Have a Private Life?,Stickly,"146,645",3414,230,14.8,21:08,161,9,2.6,10,4,77,22.6,27,9,38,11.1,42,5,32,10,9,32,15,0,2_KHO_BANGHI/Stickly/20260526_How_Did_Ancient_Humans_Have_a_Private_Life_.txt
Why Did Ancient Humans Become White?,Stickly,"14,217",3040,218,13.9,20:40,147,15,4.9,11,8,59,19.4,19,1,36,11.8,34,3,24,11,8,29,39,0,2_KHO_BANGHI/Stickly/20260528_Why_Did_Ancient_Humans_Become_White_.txt
What Did Ancient Humans Do During the Night?,Stickly,"584,380",3530,266,13.3,21:35,163,21,5.9,4,9,83,23.5,28,4,39,11.0,41,8,38,12,10,27,45,0,2_KHO_BANGHI/Stickly/20260529_What_Did_Ancient_Humans_Do_During_the_Night_.txt
What Did Ancient Humans Do Without Jobs,Stickly,"100,795",3653,291,12.6,24:53,147,17,4.7,7,9,66,18.1,29,3,50,13.7,20,3,34,7,17,33,59,1,2_KHO_BANGHI/Stickly/20260603_What_Did_Ancient_Humans_Do_Without_Jobs.txt
How Did Ancient Humans Survive Before Medicine?,Stickly,"171,628",3691,238,15.5,21:29,171,47,12.7,4,10,22,6.0,41,2,46,12.5,30,1,38,13,5,30,16,0,2_KHO_BANGHI/Stickly/20260605_How_Did_Ancient_Humans_Survive_Before_Medicine_.txt
How Humans Accidentally Domesticated Dogs,Stickly,"26,947",3640,269,13.5,23:45,154,21,5.8,1,8,57,15.7,32,9,34,9.3,24,1,33,11,3,30,22,0,2_KHO_BANGHI/Stickly/20260606_How_Humans_Accidentally_Domesticated_Dogs.txt
How Did Ancient Women Give Birth?,Stickly,"10,517",3061,216,14.2,16:45,183,20,6.5,0,6,17,5.6,15,1,22,7.2,33,1,20,7,4,13,23,0,2_KHO_BANGHI/Stickly/20260608_How_Did_Ancient_Women_Give_Birth_.txt
What Did Ancient Humans Actually Drink?,Stickly,"4,183",3519,262,13.4,19:48,178,18,5.1,5,9,59,16.8,22,3,31,8.8,50,3,32,15,11,40,43,0,2_KHO_BANGHI/Stickly/20260611_What_Did_Ancient_Humans_Actually_Drink_.txt
How Did Ancient Humans Actually Fall in Love?,Stickly,"62,198",3320,239,13.9,21:08,157,23,6.9,21,6,60,18.1,42,22,47,14.2,14,2,33,14,12,34,31,0,2_KHO_BANGHI/Stickly/20260613_How_Did_Ancient_Humans_Actually_Fall_in_Love_.txt
Why Do We Always Need to Pet Everything?,Stickly,"417,462",3146,216,14.6,17:00,185,11,3.5,2,6,99,31.5,37,9,21,6.7,14,1,18,16,9,36,23,0,2_KHO_BANGHI/Stickly/20260614_Why_Do_We_Always_Need_to_Pet_Everything_.txt
Why Do Predators Ignore Sleeping Humans?,Stickly,"2,078,350",3163,240,13.2,18:27,172,84,26.6,5,10,59,18.7,40,2,41,13.0,15,3,34,5,6,25,33,0,2_KHO_BANGHI/Stickly/20260617_Why_Do_Predators_Ignore_Sleeping_Humans_.txt
Did Cancer Kill Ancient Humans?,Stickly,"6,452",3311,230,14.4,20:45,159,39,11.8,6,10,31,9.4,35,0,41,12.4,28,1,24,16,5,36,28,0,2_KHO_BANGHI/Stickly/20260618_Did_Cancer_Kill_Ancient_Humans_.txt
Why Did Animals Learn to Fear Us?,Stickly,"21,490",3704,164,22.6,24:23,152,86,23.2,7,10,0,0.0,34,0,23,6.2,24,0,18,6,10,27,8,0,2_KHO_BANGHI/Stickly/20260620_Why_Did_Animals_Learn_to_Fear_Us_.txt
How Did Ancient Humans Hunt Giant Animals?,Stickly,"10,539",3690,129,28.6,24:35,151,44,11.9,2,9,11,3.0,11,0,41,11.1,13,0,27,4,4,17,9,0,2_KHO_BANGHI/Stickly/20260621_How_Did_Ancient_Humans_Hunt_Giant_Animals_.txt
Why Is One Hand Dominant?,Stickly,"11,678",4031,189,21.3,27:27,148,10,2.5,8,6,77,19.1,15,3,87,21.6,7,0,29,21,9,29,16,0,2_KHO_BANGHI/Stickly/20260621_Why_Is_One_Hand_Dominant_.txt
Could Ancient Humans Become Obese?,Stickly,"130,586",3452,268,12.9,22:02,157,31,9.0,6,9,38,11.0,28,3,38,11.0,31,8,22,11,13,29,42,0,2_KHO_BANGHI/Stickly/20260622_Could_Ancient_Humans_Become_Obese_.txt
What Happened After Ancient Humans Found Fire?,Stickly,"8,684",3221,182,17.7,18:44,172,32,9.9,5,9,5,1.6,40,0,15,4.7,16,0,15,2,0,9,16,0,2_KHO_BANGHI/Stickly/20260624_What_Happened_After_Ancient_Humans_Found_Fire_.txt
What Did Humans Eat Before Fire?,Stickly,"165,872",3968,126,31.5,27:06,148,20,5.0,23,7,2,0.5,17,0,23,5.8,8,0,26,9,4,3,0,0,2_KHO_BANGHI/Stickly/20260625_What_Did_Humans_Eat_Before_Fire_.txt
How Did Ancient Humans Handle Sleepless Night?,Stickly,"5,596",3365,279,12.1,18:45,180,27,8.0,2,8,176,52.3,31,6,52,15.5,2,13,27,11,17,55,48,0,2_KHO_BANGHI/Stickly/20260626_How_Did_Ancient_Humans_Handle_Sleepless_Night_.txt
How Did Ancient Humans Build Everything?,Stickly,"24,696",3493,104,33.6,22:41,154,2,0.6,15,2,8,2.3,3,0,53,15.2,27,3,22,4,3,16,2,0,2_KHO_BANGHI/Stickly/20260627_How_Did_Ancient_Humans_Build_Everything_.txt
Why Are Predators Afraid of Our Thumbs?,Stickly,"15,179",3203,100,32.0,20:37,156,41,12.8,6,9,18,5.6,7,0,29,9.1,9,0,14,4,4,12,3,0,2_KHO_BANGHI/Stickly/20260627_Why_Are_Predators_Afraid_of_Our_Thumbs_.txt
Did Ancient Humans Actually Live Underground?,Stickly,"16,143",3645,116,31.4,24:11,151,11,3.0,15,5,14,3.8,3,1,45,12.3,52,0,12,3,4,22,6,0,2_KHO_BANGHI/Stickly/20260628_Did_Ancient_Humans_Actually_Live_Underground_.txt
How Did Ancient Humans Live Without Houses?,Stickly,"17,400",3370,145,23.2,22:51,149,19,5.6,12,8,20,5.9,12,0,17,5.0,2,0,22,8,3,14,2,0,2_KHO_BANGHI/Stickly/20260629_How_Did_Ancient_Humans_Live_Without_Houses_.txt
Do Animals Find Humans Adorable?,Stickly,"4,248",3252,103,31.6,21:07,155,4,1.2,15,3,17,5.2,34,0,27,8.3,14,0,40,6,4,22,1,0,2_KHO_BANGHI/Stickly/20260630_Do_Animals_Find_Humans_Adorable_.txt
Why Do Cats and Dogs Fight?,Stickly,"45,400",3521,139,25.3,23:33,150,41,11.6,2,9,14,4.0,9,2,28,8.0,3,0,23,7,1,13,3,0,2_KHO_BANGHI/Stickly/20260702_Why_Do_Cats_and_Dogs_Fight_.txt
Why Do Animals Bring Babies to Humans?,Stickly,"279,692",3595,160,22.5,22:03,165,16,4.5,6,9,24,6.7,37,3,23,6.4,4,0,54,14,2,18,7,0,2_KHO_BANGHI/Stickly/20260704_Why_Do_Animals_Bring_Babies_to_Humans_.txt
How Did Humans Accidentally Invent Music?,Stickly,"3,263",3466,129,26.9,23:21,149,6,1.7,20,4,2,0.6,22,0,28,8.1,14,0,39,0,2,11,4,0,2_KHO_BANGHI/Stickly/20260709_How_Did_Humans_Accidentally_Invent_Music_.txt
Why Do Some Animals Live Longer?,Stickly,"30,590",3324,120,27.7,22:37,148,29,8.7,2,8,4,1.2,14,0,33,9.9,10,0,19,3,3,23,0,0,2_KHO_BANGHI/Stickly/20260712_Why_Do_Some_Animals_Live_Longer_.txt
When Did Early Humans Start Eating Salt?,Stickly,"33,431",3592,189,19.0,22:54,158,14,3.9,5,7,18,5.0,3,2,26,7.2,43,5,20,2,1,13,15,0,2_KHO_BANGHI/Stickly/20260713_When_Did_Early_Humans_Start_Eating_Salt_.txt
Why Do Wild Animals Ask Humans for Help?,Stickly,"5,894",3530,127,27.8,22:33,158,5,1.4,9,5,6,1.7,12,1,12,3.4,9,2,48,2,2,15,4,0,2_KHO_BANGHI/Stickly/20260715_Why_Do_Wild_Animals_Ask_Humans_for_Help_.txt
Why Do Falling Dreams Feel Real?,Stickly,"12,858",3403,210,16.2,20:35,166,25,7.3,2,9,45,13.2,2,1,16,4.7,12,4,19,5,1,22,15,0,2_KHO_BANGHI/Stickly/20260717_Why_Do_Falling_Dreams_Feel_Real_.txt
Did Ancient Humans Really Die at 30?,Stickly,"3,640",3411,192,17.8,22:57,147,62,18.2,1,10,10,2.9,5,1,62,18.2,23,2,28,1,1,15,9,0,2_KHO_BANGHI/Stickly/20260718_Did_Ancient_Humans_Really_Die_at_30_.txt
Why Did Ancient Humans Abandon Caves?,Stickly,"4,468",3317,165,20.1,20:18,163,8,2.4,16,6,11,3.3,1,1,17,5.1,26,1,22,1,0,13,10,0,2_KHO_BANGHI/Stickly/20260720_Why_Did_Ancient_Humans_Abandon_Caves_.txt
At What Age Did Most Ancient Humans Die?,Stickly,"29,082",3452,294,11.7,23:06,149,76,22.0,0,10,9,2.6,4,1,65,18.8,6,1,37,0,5,16,31,0,2_KHO_BANGHI/Stickly/20260721_At_What_Age_Did_Most_Ancient_Humans_Die_.txt
How Did Ancient Humans Hunt Giant Animals?,Stickly,"4,052",3686,306,12.0,23:15,159,73,19.8,0,10,3,0.8,2,1,25,6.8,17,1,35,1,9,10,29,0,2_KHO_BANGHI/Stickly/20260722_How_Did_Ancient_Humans_Hunt_Giant_Animals_.txt
Why Don’t Orcas Hunt Humans?,Stickly,"22,793",3516,311,11.3,22:21,157,80,22.8,0,10,11,3.1,25,1,22,6.3,10,2,27,7,1,18,35,0,2_KHO_BANGHI/Stickly/20260725_Why_Don_t_Orcas_Hunt_Humans_.txt
Why Were Animals Terrified of Ancient Humans?,Stickly,"30,065",3467,321,10.8,23:22,148,107,30.9,0,10,2,0.6,23,1,26,7.5,9,1,26,2,0,13,38,0,2_KHO_BANGHI/Stickly/20260726_Why_Were_Animals_Terrified_of_Ancient_Humans_.txt
Which Ancient Technologies Have We Lost?,Stickly,"18,647",3762,310,12.1,26:45,140,16,4.3,6,9,17,4.5,31,2,30,8.0,24,3,45,1,9,28,40,0,2_KHO_BANGHI/Stickly/20260729_Which_Ancient_Technologies_Have_We_Lost_.txt
Why Couldn’t Most Ancient Humans Drink Milk?,Stickly,"13,157",3442,306,11.2,21:54,158,25,7.3,1,10,2,0.6,4,1,17,4.9,15,1,27,1,1,19,30,0,2_KHO_BANGHI/Stickly/20260731_Why_Couldn_t_Most_Ancient_Humans_Drink_Milk_.txt
Were Ancient Humans Homosexual as Well?,Stickly,"1,703",3653,309,11.8,26:31,138,17,4.7,6,8,2,0.5,16,1,49,13.4,51,2,43,2,3,17,32,0,2_KHO_BANGHI/Stickly/20260801_Were_Ancient_Humans_Homosexual_as_Well_.txt
What Parts of Human History Are Still Missing?,Stickly,"3,908",3484,284,12.3,25:52,134,19,5.5,2,9,2,0.6,34,1,29,8.3,32,1,37,3,7,13,25,0,2_KHO_BANGHI/Stickly/20260802_What_Parts_of_Human_History_Are_Still_Missing_.txt
Why Did Ancient Humans Go to America?,Stickly,"2,465",3680,348,10.6,26:35,138,20,5.4,11,9,6,1.6,12,1,49,13.3,51,2,47,0,5,28,40,0,2_KHO_BANGHI/Stickly/20260804_Why_Did_Ancient_Humans_Go_to_America_.txt
How Did Every Egyptian Pharaoh Die?,Stickly,923,3590,292,12.3,22:53,156,123,34.3,0,10,2,0.6,4,4,36,10.0,122,2,62,2,2,19,14,0,2_KHO_BANGHI/Stickly/20260805_How_Did_Every_Egyptian_Pharaoh_Die_.txt
Common Mind Glitches You Experience Without Knowing,SuperJoy,581,924,92,10.0,4:53,191,4,4.3,91,2,69,74.7,1,0,19,20.6,16,4,4,0,0,5,12,0,2_KHO_BANGHI/SuperJoy/20260512_Common_Mind_Glitches_You_Experience_Without_Knowing.txt
What Did Ancient Humans Do With No Privacy?,SuperJoy,"627,784",1251,114,11.0,6:58,177,0,0.0,100,0,25,20.0,17,2,40,32.0,21,2,8,4,1,9,14,0,2_KHO_BANGHI/SuperJoy/20260519_What_Did_Ancient_Humans_Do_With_No_Privacy_.txt
The Ice Age Should Have Killed Every Human Alive,SuperJoy,574,1549,143,10.8,8:41,173,27,17.4,2,9,28,18.1,5,0,71,45.8,36,0,11,6,0,17,26,0,2_KHO_BANGHI/SuperJoy/20260522_The_Ice_Age_Should_Have_Killed_Every_Human_Alive.txt
What Did Ancient Humans Drink Before Farming Existed?,SuperJoy,"2,276",1794,147,12.2,9:49,181,3,1.7,33,2,22,12.3,10,0,42,23.4,36,0,5,5,2,13,4,0,2_KHO_BANGHI/SuperJoy/20260526_What_Did_Ancient_Humans_Drink_Before_Farming_Existed_.txt
The Real Reason You Wake Up at 2AM,SuperJoy,"1,383",1521,133,11.4,8:41,172,10,6.6,8,6,19,12.5,18,0,58,38.1,32,1,7,5,3,13,13,0,2_KHO_BANGHI/SuperJoy/20260528_The_Real_Reason_You_Wake_Up_at_2AM.txt
What Did Ancient Humans Do When Someone Died?,SuperJoy,"1,137",1494,119,12.6,8:01,185,49,32.8,1,10,36,24.1,15,0,16,10.7,10,0,10,3,1,7,12,0,2_KHO_BANGHI/SuperJoy/20260608_What_Did_Ancient_Humans_Do_When_Someone_Died_.txt
What Did Ancient Humans Do When a Predator Attacked?,SuperJoy,242,1646,159,10.4,9:00,181,45,27.3,6,10,36,21.9,16,0,39,23.7,9,0,11,2,3,21,24,0,2_KHO_BANGHI/SuperJoy/20260609_What_Did_Ancient_Humans_Do_When_a_Predator_Attacked_.txt
How Did Ancient Humans Keep Their Babies Alive?,SuperJoy,158,1737,186,9.3,8:39,199,19,10.9,2,8,39,22.5,20,0,48,27.6,5,0,7,7,0,14,35,0,2_KHO_BANGHI/SuperJoy/20260617_How_Did_Ancient_Humans_Keep_Their_Babies_Alive_.txt
What You Did As A Baby You'll Never Remember,SuperJoy,207,1533,154,10.0,7:54,193,3,2.0,40,3,90,58.7,1,0,31,20.2,8,0,6,7,3,19,30,0,2_KHO_BANGHI/SuperJoy/20260618_What_You_Did_As_A_Baby_You_ll_Never_Remember.txt
Why Are Humans Dumber Now?,Zenn,"66,627",1762,154,11.4,10:26,167,0,0.0,100,0,38,21.6,3,4,60,34.1,11,1,17,7,5,28,21,0,2_KHO_BANGHI/Zenn/20260401_Why_Are_Humans_Dumber_Now_.txt
What Happens After We Die?,Zenn,"514,900",1542,131,11.8,8:15,185,17,11.0,4,9,56,36.3,5,0,32,20.8,6,1,21,7,5,21,13,0,2_KHO_BANGHI/Zenn/20260402_What_Happens_After_We_Die_.txt
Why You Can't Remember Being a Baby,Zenn,"1,867,656",1297,111,11.7,6:54,187,2,1.5,74,2,65,50.1,4,0,21,16.2,21,0,6,5,5,21,14,0,2_KHO_BANGHI/Zenn/20260403_Why_You_Can_t_Remember_Being_a_Baby.txt
What Did Ancient Humans Do at Night?,Zenn,"7,831,687",1598,130,12.3,8:32,184,14,8.8,14,4,23,14.4,22,0,45,28.2,22,0,17,3,8,21,16,0,2_KHO_BANGHI/Zenn/20260405_What_Did_Ancient_Humans_Do_at_Night_.txt
Why Hasn't Anyone Raised the Titanic?,Zenn,"258,509",1924,174,11.1,10:23,183,4,2.1,16,3,15,7.8,9,0,60,31.2,26,0,14,7,2,36,28,0,2_KHO_BANGHI/Zenn/20260411_Why_Hasn_t_Anyone_Raised_the_Titanic_.txt
The Spotlight Effect,Zenn,"125,251",1730,151,11.5,8:20,207,4,2.3,48,2,108,62.4,1,1,18,10.4,13,4,33,8,7,21,12,0,2_KHO_BANGHI/Zenn/20260414_The_Spotlight_Effect.txt
What If WE Are The Aliens?,Zenn,"812,233",2000,178,11.2,10:32,188,22,11.0,2,9,13,6.5,87,1,45,22.5,21,1,23,10,6,33,31,0,2_KHO_BANGHI/Zenn/20260416_What_If_WE_Are_The_Aliens_.txt
The Pratfall Effect,Zenn,"48,161",773,58,13.3,3:58,194,0,0.0,100,0,20,25.9,0,3,12,15.5,10,7,5,5,1,2,2,0,2_KHO_BANGHI/Zenn/20260419_The_Pratfall_Effect.txt
What Did Ancient Humans Actually Eat?,Zenn,"732,859",1543,136,11.3,8:03,191,21,13.6,8,9,53,34.3,20,0,32,20.7,15,4,13,2,2,20,16,0,2_KHO_BANGHI/Zenn/20260424_What_Did_Ancient_Humans_Actually_Eat_.txt
The Calhoun Effect,Zenn,"4,023,379",1636,140,11.7,8:33,189,24,14.7,3,9,0,0.0,2,0,45,27.5,9,0,6,1,1,11,11,0,2_KHO_BANGHI/Zenn/20260429_The_Calhoun_Effect.txt
What Did Ancient Humans Do All Day?,Zenn,"363,607",1794,172,10.4,8:49,203,10,5.6,4,7,34,19.0,24,0,33,18.4,15,0,16,3,5,11,25,0,2_KHO_BANGHI/Zenn/20260509_What_Did_Ancient_Humans_Do_All_Day_.txt
The ENTIRE History of MONEY,Zenn,"59,268",2506,201,12.5,12:57,192,2,0.8,75,1,41,16.4,9,0,49,19.6,47,2,10,0,4,29,16,0,2_KHO_BANGHI/Zenn/20260521_The_ENTIRE_History_of_MONEY.txt
Why Are Exactly 10% of People Left-Handed?,Zenn,"30,550",1656,126,13.1,8:37,195,3,1.8,11,2,49,29.6,13,0,43,26.0,14,0,19,8,3,16,5,0,2_KHO_BANGHI/Zenn/20260531_Why_Are_Exactly_10_of_People_Left_Handed_.txt
What If Humans Lived 4.5 Billion Years Ago?,Zenn,"35,583",1601,119,13.5,8:00,198,11,6.9,4,9,31,19.4,18,0,54,33.7,12,0,19,6,1,18,6,0,2_KHO_BANGHI/Zenn/20260604_What_If_Humans_Lived_4_5_Billion_Years_Ago_.txt
The Bliss Point,Zenn,"60,659",1665,135,12.3,8:03,206,3,1.8,39,3,66,39.6,0,0,44,26.4,19,1,5,3,1,17,8,0,2_KHO_BANGHI/Zenn/20260606_The_Bliss_Point.txt
What Happens to Unvisited Graves?,Zenn,"29,801",1517,174,8.7,9:06,165,29,19.1,7,10,78,51.4,14,0,47,31.0,25,0,14,3,0,9,28,0,2_KHO_BANGHI/Zenn/20260614_What_Happens_to_Unvisited_Graves_.txt
Why Were Vikings So Scared at Night?,Zenn,"21,647",1606,108,14.9,8:02,199,26,16.2,3,7,22,13.7,4,0,20,12.5,16,0,7,1,1,31,7,0,2_KHO_BANGHI/Zenn/20260618_Why_Were_Vikings_So_Scared_at_Night_.txt
Are You Real?,Zenn,"27,664",1728,128,13.5,8:19,207,3,1.7,34,2,107,61.9,5,1,21,12.2,13,1,13,9,3,30,13,0,2_KHO_BANGHI/Zenn/20260620_Are_You_Real_.txt
Why Do Dogs Love Humans?,Zenn,"13,394",1604,110,14.6,8:07,197,14,8.7,10,8,28,17.5,8,0,25,15.6,9,0,2,1,0,13,3,0,2_KHO_BANGHI/Zenn/20260624_Why_Do_Dogs_Love_Humans_.txt
Why Don't Dragons Exist?,Zenn,"26,359",1664,131,12.7,8:32,195,14,8.4,2,7,13,7.8,12,0,52,31.2,20,2,14,7,3,22,7,0,2_KHO_BANGHI/Zenn/20260625_Why_Don_t_Dragons_Exist_.txt
Do Animals Remember Human Faces?,Zenn,"15,620",1593,124,12.8,7:07,223,3,1.9,14,2,31,19.5,4,0,39,24.5,9,0,13,1,5,27,8,0,2_KHO_BANGHI/Zenn/20260628_Do_Animals_Remember_Human_Faces_.txt
Were Ancient Humans Loyal to One Partner?,Zenn,"22,382",1628,123,13.2,8:03,201,6,3.7,27,4,16,9.8,8,0,59,36.2,17,0,7,1,7,26,7,0,2_KHO_BANGHI/Zenn/20260630_Were_Ancient_Humans_Loyal_to_One_Partner_.txt
The Marshmallow Effect,Zenn,"14,435",1739,124,14.0,8:20,208,1,0.6,10,1,21,12.1,12,3,41,23.6,16,0,21,6,0,20,2,0,2_KHO_BANGHI/Zenn/20260704_The_Marshmallow_Effect.txt
What Did Surgery Feel Like Before Anesthesia?,Zenn,"16,719",1780,124,14.4,9:07,193,24,13.5,10,8,34,19.1,3,5,34,19.1,41,0,16,3,1,21,7,0,2_KHO_BANGHI/Zenn/20260713_What_Did_Surgery_Feel_Like_Before_Anesthesia_.txt
Would You Know If You Were Stupid?,Zenn,"13,507",1749,142,12.3,8:00,218,0,0.0,100,0,65,37.2,1,8,26,14.9,13,0,14,5,5,34,19,0,2_KHO_BANGHI/Zenn/20260719_Would_You_Know_If_You_Were_Stupid_.txt
Why Do Mosquitoes Always Bite YOU?,Zenn,"12,447",1756,156,11.3,8:59,193,11,6.3,4,5,67,38.2,3,0,50,28.5,14,1,19,5,1,26,19,0,2_KHO_BANGHI/Zenn/20260722_Why_Do_Mosquitoes_Always_Bite_YOU_.txt
When Do You Peak in Life?,Zenn,"13,035",1702,129,13.2,8:30,198,0,0.0,100,0,105,61.7,8,0,51,30.0,14,1,18,6,2,24,7,0,2_KHO_BANGHI/Zenn/20260725_When_Do_You_Peak_in_Life_.txt
Why Don't Animals Have Wheels?,Zenn,"11,849",1758,122,14.4,8:38,203,16,9.1,1,7,24,13.7,5,0,39,22.2,8,0,10,5,0,13,8,0,2_KHO_BANGHI/Zenn/20260730_Why_Don_t_Animals_Have_Wheels_.txt
MÌNH V20 bản 15 (đêm lạnh),MINH,chưa đăng,2942,248,11.9,~16:20,,48,16.3,0,10,28,9.5,21,0,89,30.3,11,2,19,11,0,50,26,0,videos/Video20_Cold/Script_V20_narration.txt
MÌNH V20 bản 1 (bản đầu),MINH,chưa đăng,2134,172,12.4,~11:51,,28,13.1,8,10,0,0.0,0,0,64,30.0,7,5,17,7,0,29,30,0,videos/Video20_Cold/_cu_ban1_truoc_viet_lai.txt
MÌNH V19 đi đêm,MINH,5,1488,126,11.8,~8:16,,11,7.4,5,7,50,33.6,0,0,57,38.3,6,3,10,7,4,23,6,0,videos/Video19_NightWalk/Script_Video19_narration.txt
MÌNH V18 ngủ ngoài trời,MINH,?,1695,158,10.7,~9:25,,4,2.4,4,4,25,14.7,5,0,73,43.1,15,4,12,5,12,27,17,0,videos/Video18_Sleep/Script_Video18_narration.txt
MÌNH V17 mưa,MINH,?,1648,138,11.9,~9:09,,10,6.1,7,7,56,34.0,2,2,54,32.8,12,2,6,11,5,36,6,0,videos/Video17_Rain/Script_Video17_narration.txt
MÌNH V20 bản 16 (đã đọc bằng mắt),MINH,chưa đăng,2925,247,11.8,~16:15,,48,16.4,0,10,28,9.6,20,0,88,30.1,11,2,20,11,3,48,26,0,videos/Video20_Cold/Script_V20_narration.txt
MÌNH V20 bản 17 (theo bảng),MINH,chưa đăng,3228,269,12.0,~17:56,,49,15.2,0,10,31,9.6,22,2,106,32.8,16,2,23,11,3,51,26,0,videos/Video20_Cold/Script_V20_narration.txt
MÌNH V20 sau đổi mở bài 19/08,MINH,chưa đăng,3265,271,12.0,~18:08,,49,15.0,1,10,32,9.8,22,3,106,32.5,16,2,24,11,3,51,26,0,videos/Video20_Cold/Script_V20_narration.txt
MÌNH V20 chốt 19/08,MINH,chưa đăng,3312,273,12.1,~18:24,,49,14.8,1,10,32,9.7,22,3,106,32.0,16,2,25,12,3,52,26,0,videos/Video20_Cold/Script_V20_narration.txt
